NC_075802	EU349274
NC_076966	MK360902
NC_076513	MT900475
NC_076968	MT900474
NC_076965	LC492974
NC_063268	JX898220
NC_076509	MG989243
NC_075562	MH509440
NC_075689	JF797218
NC_075725	GU305914
NC_077039	MN373268
NC_076129	JQ805139
NC_075917	AJ581752
NC_075918	AJ581750
NC_062779	MZ130489
NC_062777	MZ130487
NC_062780	MZ130490
NC_062769	MZ130479
NC_062774	MZ130484
NC_067194	BK010471
NC_062771	MZ130481
NC_062776	MZ130486
NC_062766	MZ130476
NC_062764	MZ130474
NC_062770	MZ130480
NC_062778	MZ130488
NC_062773	MZ130483
NC_062768	MZ130478
NC_067217	MZ130499
NC_067210	MZ130492
NC_062772	MZ130482
NC_062765	MZ130475
NC_062767	MZ130477
NC_067213	MZ130495
NC_067216	MZ130498
NC_067211	MZ130493
NC_067214	MZ130496
NC_067209	MZ130491
NC_067215	MZ130497
NC_067218	MZ130500
NC_067212	MZ130494
NC_062748	MT732457
NC_071068	MH937460
NC_071069	MH937464
NC_071070	MH937475
NC_071071	MH937478
NC_071072	MH937479
NC_071061	MH937494
NC_071062	MH937505
NC_071063	MH937507
NC_071064	MH937509
NC_071065	MH937510
NC_071066	MH937511
NC_071067	MH937457
NC_071073	KY705258
NC_071074	KY705268
NC_071075	KY705277
NC_071076	KY705278
NC_071077	KY705279
NC_071078	KY705280
NC_071079	KY705281
NC_071080	KY705286
NC_071082	MH892362
NC_071083	MH892363
NC_071084	MH892364
NC_071085	MH892366
NC_071081	MH892376
NC_071086	CP029253
NC_070655	MF580766
NC_070669	MH937458
NC_070670	MH937459
NC_070671	MH937461
NC_070672	MH937462
NC_070673	MH937465
NC_070674	MH937466
NC_070675	MH937467
NC_070676	MH937468
NC_070677	MH937469
NC_070678	MH937470
NC_070679	MH937471
NC_070680	MH937472
NC_070681	MH937474
NC_070682	MH937477
NC_070683	MH937481
NC_070656	MH937483
NC_070657	MH937486
NC_070658	MH937487
NC_070659	MH937488
NC_070660	MH937490
NC_070661	MH937493
NC_070662	MH937495
NC_070663	MH937496
NC_070664	MH937499
NC_070665	MH937500
NC_070666	MH937504
NC_070667	MH937506
NC_070668	MH937508
NC_070684	MH000603
NC_070685	MH000604
NC_070686	MF161328
NC_070687	MF580769
NC_070688	MF580770
NC_070689	MF580771
NC_070652	KT717084
NC_070653	KT717083
NC_070651	KT717085
NC_070654	MF580759
NC_070690	KY705251
NC_070691	KY705256
NC_070692	KY705257
NC_070693	KY705259
NC_070694	KY705260
NC_070695	KY705262
NC_070696	KY705263
NC_070697	KY705264
NC_070698	KY705265
NC_070699	KY705266
NC_070700	KY705267
NC_070701	KY705270
NC_070702	KY705271
NC_070703	KY705272
NC_070704	KY705273
NC_070705	KY705274
NC_070706	KY705275
NC_070707	KY705276
NC_070708	KY705284
NC_070709	KY705287
NC_070710	KY705288
NC_070711	KY705289
NC_070712	KY705290
NC_070713	MF580773
NC_070714	MH892352
NC_070717	MH892353
NC_070718	MH892354
NC_070719	MH973661
NC_070720	MH892351
NC_070721	MH973662
NC_070722	MH892357
NC_070715	MH892360
NC_070716	MH892361
NC_070723	MH892379
NC_070724	MH892382
NC_070725	MG708274
NC_070726	MG708275
NC_071053	MK202159
NC_071057	KX879643
NC_071058	MK202161
NC_071056	KY705252
NC_071054	KY705253
NC_071059	KY705255
NC_071051	MH892355
NC_071060	MH892367
NC_071055	MH973663
NC_071052	MH892373
NC_062753	MT732443
NC_071037	OL800603
NC_071009	OL800605
NC_070758	MZ592920
NC_048805	MN106244
NC_079181	MN117721
NC_079182	MN122072
NC_079184	OP595144
NC_079176	OK148439
NC_079175	ON778463
NC_079179	MW147601
NC_079178	MW147598
NC_079177	MW147599
NC_079183	OL960574
NC_079180	OL741059
NC_079174	OK073976
NC_079185	OP056089
NC_079186	OL770365
NC_079187	MZ336020
NC_079188	MW380983
NC_070840	OM810291
NC_071038	OL800604
NC_062749	MT732435
NC_062745	MT732458
NC_062746	MT732463
NC_070973	MW343794
NC_070978	MG603697
NC_070977	OL799327
NC_070974	MG873442
NC_070976	MT740244
NC_070975	MT664722
NC_070972	OM638104
NC_062750	MT732473
NC_027335	KJ801817
NC_070966	MN988521
NC_070967	MN988525
NC_062736	KJ019054
NC_070959	MT162466
NC_062734	KJ019028
NC_070965	MT162467
NC_062735	KJ019089
NC_070961	MW117966
NC_070963	MW015081
NC_070839	OL473597
NC_070964	MW117965
NC_070960	MW147367
NC_070962	MK867354
NC_062752	MT732450
NC_062751	MT732451
NC_062747	MT732474
NC_070920	MZ568829
NC_070915	OM046627
NC_070916	OM046626
NC_070914	OM046628
NC_070909	OV696611
NC_070913	OM046624
NC_070918	OM140653
NC_070910	LC667452
NC_070902	OM475429
NC_070903	OV192280
NC_070908	MZ420230
NC_070907	MT239398
NC_073747	KX833211
NC_070919	OL348188
NC_070912	OM304382
NC_070917	OM095401
NC_062744	MT732432
NC_070885	MN988532
NC_070884	MN988534
NC_070883	MN988486
NC_070887	MT778837
NC_070886	MT778839
NC_070888	MN549360
NC_070890	MF403007
NC_070880	MZ152915
NC_070878	MZ359091
NC_071002	MW623430
NC_031121	KX349899
NC_031015	KX349900
NC_055917	MW419775
NC_070856	MW980066
NC_070855	MW980071
NC_070854	MN988497
NC_070853	MN988483
NC_070852	MN988555
NC_070851	MN988517
NC_070870	MH358458
NC_070869	MT682708
NC_070873	MG208881
NC_070872	MZ394712
NC_070874	MW630115
NC_070863	MZ955867
NC_070865	KX171209
NC_070864	MT080102
NC_070862	OK665488
NC_070859	MZ773648
NC_070858	OM158235
NC_070861	MZ348421
NC_070860	MN812687
NC_068555	MW394388
NC_070866	MH179480
NC_070849	OK149171
NC_070847	MZ326861
NC_070867	MZ326856
NC_070868	MZ326857
NC_070848	MZ447858
NC_070857	MW960036
NC_070782	MT711976
NC_070781	OL829978
NC_070783	MT684598
NC_070784	MW822145
NC_070786	MT024872
NC_070785	MT024865
NC_070780	MW598459
NC_070777	MN087708
NC_070778	OL989991
NC_070776	MZ348423
NC_070779	MW325771
NC_031030	KX009778
NC_070937	OM638103
NC_062754	MT732475
NC_079146	OQ709208
NC_071040	KT070867
NC_071041	MW084976
NC_070968	OK412919
NC_071035	MT897906
NC_071033	OL549189
NC_071034	MN908689
NC_071031	OK040777
NC_071032	OL455896
NC_071028	MT889375
NC_071025	OL549191
NC_071029	MT639653
NC_071030	MZ005682
NC_071023	OL549192
NC_071024	MT889376
NC_071026	MW055910
NC_071027	OL549188
NC_071019	MN937349
NC_071020	MZ398241
NC_071021	MZ398240
NC_071017	MW393850
NC_071018	MZ326859
NC_067270	MW822148
NC_073593	MK392368
NC_073590	ON392166
NC_073588	MH834621
NC_073592	MZ274308
NC_073589	MH834627
NC_073591	MZ150784
NC_060131	MH651182
NC_060133	MT658805
NC_060132	MK967378
NC_060136	OK040786
NC_060134	MH976515
NC_060135	MT684599
NC_060137	MN444870
NC_073596	MH834607
NC_073597	MK757448
NC_073595	MH834622
NC_070989	MZ234028
NC_070986	MN715356
NC_070984	MN508615
NC_070993	MZ648214
NC_070990	MT129653
NC_070987	MT129655
NC_070985	LC553735
NC_070988	MN148435
NC_070979	MG748548
NC_070982	MZ234017
NC_070981	LC553734
NC_070983	MZ398243
NC_070980	MZ342906
NC_004680	AY129330
NC_074750	MK511059
NC_074748	MH719194
NC_074749	MN536027
NC_074744	MH719189
NC_074742	MH719191
NC_074746	MH719190
NC_074745	MH719193
NC_074743	MH719195
NC_074747	MK934841
NC_069147	ON720976
NC_069151	MK479295
NC_069149	MT012729
NC_069152	MN070121
NC_069146	MF158037
NC_069148	MK214385
NC_069150	MZ004649
NC_073206	ON409569
NC_073187	MN336264
NC_073191	MN336265
NC_073214	MW355461
NC_073198	MW355463
NC_073197	MW355465
NC_073184	OP745619
NC_073192	OM339548
NC_073210	MZ274225
NC_073209	ON720977
NC_073189	MW715619
NC_073181	MT653144
NC_073194	OP484850
NC_073204	KY379853
NC_073203	OP389270
NC_073196	MT677933
NC_073183	MT677934
NC_073185	OM291373
NC_073186	MF431252
NC_073193	OL770276
NC_073200	MH370358
NC_073199	MH370360
NC_073190	OK108608
NC_073188	OK108609
NC_073170	KX649889
NC_073215	OK169616
NC_073195	MK931446
NC_073207	MT740291
NC_073208	MW201959
NC_073169	MK972702
NC_073216	KY176369
NC_073211	ON996339
NC_073179	MZ955866
NC_073178	OL519843
NC_073177	LC507823
NC_073212	OP793478
NC_071049	MH884508
NC_073050	OM236516
NC_071050	OM634653
NC_071138	MG197810
NC_071137	MK685667
NC_071139	MT757392
NC_071129	MZ374361
NC_071132	MZ504995
NC_071131	ON602758
NC_071128	MN689778
NC_071130	MZ398021
NC_071133	MK521906
NC_071134	OK499978
NC_071135	MT894004
NC_071136	ON809560
NC_071141	OP114730
NC_071140	ON086804
NC_071044	OK499992
NC_071043	MK288021
NC_071042	OK499991
NC_071048	OK499972
NC_071045	MT254578
NC_071047	OK499987
NC_071046	OK499994
NC_069740	MK574078
NC_069749	MG897800
NC_069751	KR537872
NC_069745	ON911538
NC_069747	MT118304
NC_069743	MZ927746
NC_069741	MZ927745
NC_069746	OK330455
NC_069754	OP712460
NC_069755	OP712466
NC_069752	OP712474
NC_069753	OP712479
NC_069750	OP422637
NC_069744	MN062187
NC_072809	MK165657
NC_069748	OK330456
NC_072810	OQ259603
NC_069742	LC552830
NC_073362	OK040792
NC_073368	MN586020
NC_073365	MK937591
NC_073363	MK937608
NC_073366	MK937606
NC_073364	MN813682
NC_073367	MN813684
NC_073374	MN585986
NC_073375	MN586042
NC_073376	MN586059
NC_073373	MN175603
NC_073371	MT657336
NC_073369	MZ622179
NC_073372	MW578837
NC_073370	MZ648035
NC_070796	MT639650
NC_070792	MZ274304
NC_070790	MT952844
NC_070795	MW712717
NC_070787	MT723938
NC_070791	MT889398
NC_070788	MK919469
NC_070794	MK112547
NC_070793	MK820642
NC_070789	MK801727
NC_071010	OL800606
NC_070970	MN029011
NC_072502	OP882271
NC_072498	KX898400
NC_072500	MW835180
NC_072501	MN504636
NC_072504	OK562670
NC_072503	MN820898
NC_070842	MG967618
NC_070841	KC595511
NC_070845	MW392802
NC_070843	KT070866
NC_070844	MK288022
NC_073601	ON169972
NC_073616	OQ225162
NC_073614	OQ225163
NC_073618	OQ200059
NC_073609	MN013356
NC_073619	MN563785
NC_073608	MK224498
NC_073615	OQ164637
NC_073605	MK443264
NC_073611	ON361135
NC_073613	MK138526
NC_073603	MH791399
NC_073607	MH791408
NC_073610	MW526259
NC_073620	OK539826
NC_073606	OP784575
NC_073621	OM870967
NC_073623	OM870969
NC_073622	OM870970
NC_073612	OQ319936
NC_073602	OP875100
NC_073604	OP875101
NC_073617	MF974178
NC_073093	ON189042
NC_073094	ON189043
NC_073095	ON189044
NC_073092	LR743530
NC_047776	KX664695
NC_062742	MW175890
NC_070931	KX669658
NC_070766	MH834594
NC_061448	MZ443776
NC_061443	MZ443786
NC_061445	MZ443770
NC_061441	MZ443782
NC_061449	MZ443777
NC_061440	MZ443785
NC_061446	MZ443778
NC_061444	MZ443774
NC_061447	MZ443779
NC_061442	MZ443788
NC_073467	ON724010
NC_073090	OK500002
NC_070767	MH834597
NC_070803	MG099941
NC_070804	MH271295
NC_070801	MW055908
NC_070798	MT771342
NC_070799	OM203160
NC_070802	MZ171371
NC_070797	MK359313
NC_070800	MZ150788
NC_019516	JQ245707
NC_071036	MT536174
NC_079140	OQ709211
NC_079141	MN310549
NC_071022	OL455900
NC_073594	OP580516
NC_070806	MG845393
NC_070811	MK801729
NC_070810	MN428048
NC_070808	MZ681517
NC_070809	MK279848
NC_070814	MH155867
NC_070813	MT771346
NC_070812	MZ456039
NC_070807	MK937609
NC_070815	MN428057
NC_070955	OK665842
NC_073469	OP297545
NC_073598	MT024867
NC_071016	MK796797
NC_074755	MW021763
NC_074752	OM135608
NC_074753	OL539464
NC_074754	OL539442
NC_071015	MZ348422
NC_071014	MK016493
NC_071012	MZ398135
NC_071013	MZ399596
NC_071011	OL604152
NC_061436	MW390886
NC_061438	KM389459
NC_061437	LT999987
NC_061435	JN811560
NC_061439	LT608331
NC_061432	MH643778
NC_061434	MH643777
NC_061433	MK144667
NC_071008	OL396571
NC_071007	OM810292
NC_073456	KX557288
NC_071005	MN586022
NC_071006	MZ820089
NC_073457	KU958700
NC_071004	MT498058
NC_071003	OK499971
NC_070994	MK801723
NC_071000	MW057856
NC_071001	MW057861
NC_070816	MN428053
NC_073069	MG581355
NC_073083	MW822006
NC_073084	MT884014
NC_073070	MK728541
NC_073059	MZ234029
NC_073061	MZ234016
NC_073085	MT478993
NC_073080	ON210136
NC_073066	MZ501070
NC_073087	LR597646
NC_073054	OK272488
NC_073052	OK272474
NC_073057	MZ501088
NC_073086	OM262540
NC_073077	LR990702
NC_073089	MZ501095
NC_073055	OL770278
NC_073079	OK499985
NC_073067	MZ501097
NC_073088	ON184124
NC_073051	OP046317
NC_073063	MK138527
NC_073068	OK499988
NC_073071	LT960609
NC_073081	MW749005
NC_073082	OL615010
NC_073053	OK499993
NC_073062	MZ501107
NC_073074	MW862804
NC_073065	OM262541
NC_073075	OK310514
NC_073473	MW291017
NC_070828	MK937595
NC_062741	MT497068
NC_062743	MT497067
NC_073458	MN586033
NC_070995	MH271296
NC_070996	MG812496
NC_070773	MN812722
NC_070650	LR881104
NC_070997	MK660712
NC_070837	MH834612
NC_070999	OL964756
NC_070998	MN032614
NC_073459	ON456347
NC_073460	MZ150789
NC_070763	MK814760
NC_073461	MN234216
NC_070761	KR063281
NC_070764	MN096369
NC_073329	MH450115
NC_073331	MZ274309
NC_073334	ON456340
NC_073335	MZ209303
NC_073328	MF140423
NC_073327	MF038790
NC_073336	ON645338
NC_073330	MH479926
NC_073332	MH399789
NC_073326	MF140432
NC_073333	ON456335
NC_074662	OM141125
NC_072811	MH362766
NC_070833	MH910036
NC_073673	MF490237
NC_073676	MT118301
NC_073675	KC900378
NC_073672	MZ285879
NC_073674	LT603684
NC_070817	KU252585
NC_070818	MN428055
NC_074663	ON778007
NC_073462	MH155870
NC_073463	MN234184
NC_073485	ON392164
NC_073488	MT451982
NC_073490	ON392165
NC_073484	MT521991
NC_073487	ON456341
NC_073483	MT451980
NC_073489	OL455886
NC_073486	MT451981
NC_070835	MH910037
NC_070969	MW460249
NC_070768	MK977703
NC_070769	MH450123
NC_073464	MK977707
NC_074664	MW748993
NC_070958	MN131137
NC_070956	MK838116
NC_061421	MW394391
NC_073465	MN234170
NC_022054	KF024728
NC_070953	MK203850
NC_073475	ON191532
NC_070952	MZ501267
NC_074658	MW862109
NC_070951	OL702939
NC_070949	MN602881
NC_074659	KU708004
NC_070948	MK977705
NC_070938	MF189170
NC_070940	MF324906
NC_070941	MF189171
NC_070946	MZ747520
NC_070943	MF189173
NC_070944	MK967398
NC_070945	MZ209300
NC_070947	MH450120
NC_070939	MF189175
NC_070942	MK919473
NC_070932	KY417925
NC_070936	MN642089
NC_070934	MH001450
NC_070935	KY130461
NC_070765	MN813687
NC_073466	OP434449
NC_069156	ON087563
NC_069155	MW082583
NC_070925	KY065455
NC_070926	KY065479
NC_070928	KY065487
NC_070929	KY065490
NC_070923	KY065492
NC_070924	KY065493
NC_070922	KY065501
NC_070930	KY065502
NC_070927	KX550065
NC_070921	MH426726
NC_070882	MN103543
NC_070834	MW712719
NC_062582	MF042360
NC_070901	KX879641
NC_070900	KX879642
NC_070899	MH892350
NC_070898	MH892369
NC_070896	MT776810
NC_070893	MN284906
NC_070894	MN586015
NC_070892	MN062716
NC_070891	OK040785
NC_070895	MK967385
NC_070897	MZ622167
NC_070805	MN234218
NC_073468	OK040790
NC_070881	OM418631
NC_070877	MN183282
NC_074660	MT104475
NC_074661	MZ868718
NC_070832	MH834598
NC_070831	MH834625
NC_061450	MW366843
NC_070876	MF403009
NC_074751	MW021761
NC_079145	MZ209302
NC_079144	MK814759
NC_079142	OM818327
NC_079143	OQ709200
NC_070770	OK040780
NC_041918	KY565347
NC_070875	MH553517
NC_070772	MN512538
NC_070836	MH910041
NC_070846	MN737551
NC_074758	OL539452
NC_074756	MK608336
NC_074757	OK499995
NC_073470	MW507126
NC_070771	MN908684
NC_061418	MN871446
NC_070819	MK967384
NC_070838	MW862992
NC_070762	MN484601
NC_070827	MF042361
NC_061451	MZ475896
NC_073471	MK061416
NC_073472	OP751148
NC_070775	MW073100
NC_062581	MK552327
NC_073091	OQ317942
NC_070774	MW009675
NC_073474	MZ028627
NC_073599	MT024870
NC_073600	MT889364
NC_070760	MW055913
NC_070759	OL964755
NC_070830	MW822144
NC_070829	MN204493
NC_073748	KP972568
NC_073749	KT728930
NC_074762	AB910602
NC_073750	MN536023
NC_075033	JF719734
NC_075032	JF719733
NC_075031	JF719732
NC_075030	GQ153919
NC_075029	GQ153918
NC_075028	GQ153917
NC_075027	GQ153916
NC_075026	AB334721
NC_075025	AB334720
NC_073751	MT901800
NC_073752	MK512531
NC_073753	MH218848
NC_073754	MH206184
NC_073755	MH206183
NC_073756	MN710383
NC_073757	MT495635
NC_074763	M19377
NC_073758	MN200778
NC_073759	MN719123
NC_073760	MN690600
NC_062737	MN335248
NC_073761	AJ969242
NC_076027	MK443498
NC_076484	MN994868
NC_075121	KX574453
NC_077036	MN190158
NC_055941	KY548840
NC_077051	MN765191
NC_077029	MN099038
NC_077082	MT734807
NC_077038	MN364694
NC_077050	MN765189
NC_077083	MT734808
NC_076998	KX035107
NC_076396	MK643151
NC_077069	MT498824
NC_077065	MT341473
NC_077097	MW306771
NC_077079	MT734804
NC_077080	MT734805
NC_075118	HQ827781
NC_077081	MT734806
NC_076999	KY214444
NC_076372	MK543949
NC_077062	MT247758
NC_077063	MT247759
NC_077064	MT247760
NC_077061	MT247730
NC_077098	MW306775
NC_077099	MW306778
NC_077032	MN175612
NC_076028	MH893826
NC_076446	MN396757
NC_077031	MN166196
NC_076368	MK513528
NC_076369	MK513529
NC_076370	MK513533
NC_076004	MG846442
NC_075989	KM254174
NC_076413	MK988619
NC_076414	MK988620
NC_075276	KY312548
NC_075277	KY312549
NC_075278	KY312550
NC_075279	KY312551
NC_077066	MT393593
NC_076429	MN265364
NC_077037	MN312221
NC_076425	MN175613
NC_077139	MZ364297
NC_077074	MT580795
NC_077087	MT770849
NC_077138	MZ357124
NC_076134	KC876004
NC_077011	MG745672
NC_076995	KC580640
NC_075120	JQ923422
NC_077012	MG745673
NC_075998	KY640430
NC_076293	MK014742
NC_075986	KX384823
NC_076001	MG136722
NC_077035	MN181466
NC_077119	MZ100069
NC_076473	MN794870
NC_077013	MG745677
NC_076185	MF198244
NC_076133	KC692368
NC_077148	MZ813278
NC_075988	KJ495710
NC_077055	MN982959
NC_077112	MW814911
NC_077156	OK236393
NC_077010	MG745671
NC_077009	MG745670
NC_077018	MK028683
NC_075287	MH616678
NC_075290	MH617734
NC_076431	MN371255
NC_075391	KJ641716
NC_076463	MN585201
NC_077109	MW686208
NC_077115	MW881235
NC_077140	MZ382570
NC_077075	MT610105
NC_077076	MT610106
NC_077144	MZ604582
NC_077145	MZ604590
NC_076479	MN928506
NC_006232	AY651850
NC_077030	MN164712
NC_077169	OL704833
NC_076423	MN103538
NC_077199	ON324071
NC_077202	ON324104
NC_077204	ON324107
NC_077034	MN176052
NC_077198	ON324069
NC_077197	ON324066
NC_074776	JX185419
NC_077200	ON324100
NC_077201	ON324103
NC_077166	OL704826
NC_077168	OL704828
NC_077142	MZ382573
NC_077205	ON324108
NC_077086	MT766312
NC_077141	MZ382572
NC_076405	MK947371
NC_077203	ON324106
NC_077085	MT766309
NC_077167	OL704827
NC_076401	MK796234
NC_076251	MH500283
NC_076426	MN175615
NC_076374	MK570200
NC_075342	KY086298
NC_076439	MN379619
NC_076443	MN379623
NC_076440	MN379620
NC_076444	MN379627
NC_076441	MN379621
NC_076442	MN379622
NC_076259	MH500307
NC_075341	MG522850
NC_076235	MH111125
NC_076403	MK796236
NC_076402	MK796235
NC_076237	MH111138
NC_076255	MH500297
NC_076258	MH500303
NC_076257	MH500301
NC_076253	MH500286
NC_076256	MH500298
NC_076252	MH500284
NC_076238	MH111148
NC_076236	MH111126
NC_076254	MH500289
NC_075289	MH617639
NC_075283	KY487839
NC_075284	KY487840
NC_075106	JX458740
NC_076313	MK032723
NC_075317	MG641204
NC_075315	MG641207
NC_076283	MH939436
NC_076350	MK433234
NC_076353	MK433239
NC_076351	MK433236
NC_076355	MK433241
NC_076352	MK433237
NC_076356	MK433242
NC_075338	KY214442
NC_076470	MN708485
NC_075313	MG571098
NC_075312	MG571099
NC_075311	MG571100
NC_075328	MF173065
NC_076286	MH939446
NC_075335	MF327560
NC_075334	MF327565
NC_075332	MF327568
NC_075333	MF327567
NC_075331	MF327569
NC_075337	MF327558
NC_075330	MF327570
NC_076378	MK570217
NC_076376	MK570210
NC_076322	MK032737
NC_076319	MK032733
NC_076341	MK249235
NC_076344	MK249242
NC_076358	MK483072
NC_075326	MF173067
NC_076281	MH939431
NC_076274	MH939377
NC_075322	MG641191
NC_075316	MG641205
NC_075319	MG641202
NC_075314	MG641211
NC_075321	MG641194
NC_075320	MG641201
NC_076321	MK032736
NC_076297	MK032701
NC_076305	MK032712
NC_076303	MK032709
NC_075288	MH617534
NC_075310	MH047857
NC_076317	MK032728
NC_076333	MK032755
NC_076307	MK032715
NC_076311	MK032719
NC_076331	MK032753
NC_076320	MK032735
NC_076323	MK032738
NC_076330	MK032752
NC_076306	MK032714
NC_076301	MK032705
NC_076310	MK032718
NC_076298	MK032702
NC_076248	MH444690
NC_076406	MK947372
NC_076474	MN823668
NC_075323	KY302866
NC_076332	MK032754
NC_076399	MK738141
NC_076278	MH939397
NC_076276	MH939384
NC_028460	KT598248
NC_076285	MH939442
NC_075305	MK012473
NC_076280	MH939427
NC_076477	MN823676
NC_076354	MK433240
NC_076360	MK483075
NC_076364	MK483080
NC_076362	MK483077
NC_076272	MH939370
NC_076279	MH939417
NC_076318	MK032731
NC_076315	MK032726
NC_075325	KY312558
NC_076363	MK483078
NC_076407	MK947373
NC_076270	MH939361
NC_076296	MK032696
NC_076335	MK032759
NC_075339	KY214441
NC_075324	MF669480
NC_076284	MH939438
NC_076436	MN379612
NC_076438	MN379615
NC_076434	MN379608
NC_075329	MF327571
NC_076302	MK032708
NC_076347	MK249305
NC_076342	MK249239
NC_076343	MK249240
NC_076346	MK249294
NC_076336	MK050014
NC_076361	MK483076
NC_076359	MK483073
NC_076366	MK483084
NC_076326	MK032742
NC_076299	MK032703
NC_076328	MK032748
NC_076329	MK032749
NC_076312	MK032721
NC_076271	MH939363
NC_076408	MK947376
NC_076300	MK032704
NC_075306	MK012443
NC_076493	MT309857
NC_076334	MK032756
NC_076309	MK032717
NC_076469	MN708482
NC_075327	MF173066
NC_076375	MK570209
NC_076377	MK570213
NC_076327	MK032747
NC_076273	MH939374
NC_075318	MG641203
NC_076275	MH939382
NC_076475	MN823669
NC_076324	MK032739
NC_076308	MK032716
NC_076287	MH973741
NC_076435	MN379609
NC_076433	MN379605
NC_076437	MN379614
NC_076432	MN379604
NC_075336	MF327559
NC_076314	MK032724
NC_076496	MT649486
NC_076316	MK032727
NC_076345	MK249245
NC_076365	MK483082
NC_076282	MH939435
NC_076277	MH939385
NC_076476	MN823671
NC_076304	MK032710
NC_076325	MK032740
NC_076623	MG020024
NC_077162	OK721096
NC_077071	MT533598
NC_077096	MW303999
NC_076638	MH536506
NC_077022	MK415317
NC_077021	MK415316
NC_076917	MW176107
NC_077040	MN553040
NC_076653	MK012336
NC_076615	MF375883
NC_076616	MF375884
NC_076696	MK605686
NC_077048	MN714643
NC_074786	KC551800
NC_077026	MK910227
NC_077146	MZ664274
NC_077023	MK618726
NC_077001	KY370101
NC_077000	KY370100
NC_077015	MH282908
NC_076231	MG967280
NC_076694	MK584829
NC_076523	BK010423
NC_076628	MG721540
NC_076903	MT676452
NC_076568	KJ485703
NC_076527	BK010428
NC_076859	MN736968
NC_076528	BK010429
NC_076693	MK584828
NC_076572	KJ873059
NC_076718	MN058208
NC_076719	MN058214
NC_076529	BK010431
NC_076695	MK584831
NC_076650	MH823901
NC_076518	AM087548
NC_076519	AM087549
NC_076560	KF026355
NC_076520	AM087550
NC_076526	BK010427
NC_076525	BK010426
NC_076574	KM517201
NC_076669	MK372892
NC_076670	MK372894
NC_076671	MK372895
NC_076672	MK372896
NC_076674	MK372900
NC_076675	MK372901
NC_076676	MK372903
NC_076521	AY172454
NC_076588	KT365896
NC_076556	JX401537
NC_076566	KJ462512
NC_076524	BK010425
NC_076561	KF031943
NC_076589	KU291923
NC_076713	MN043682
NC_076559	KC792591
NC_076681	MK375261
NC_076673	MK372899
NC_076733	MN448505
NC_076595	KY357500
NC_076575	KP705075
NC_076881	MT216310
NC_076699	MK682513
NC_076700	MK682514
NC_076701	MK682515
NC_076702	MK682516
NC_076703	MK682517
NC_076704	MK682518
NC_076705	MK682519
NC_076530	BK010736
NC_076901	MT506025
NC_076563	KF803546
NC_076564	KF803547
NC_076824	MN586595
NC_076900	MT506024
NC_076717	MN058206
NC_076656	MK079847
NC_076571	KJ667051
NC_076651	MH823902
NC_076654	MK033478
NC_076587	KT365895
NC_076555	JQ013377
NC_076557	JX401538
NC_076567	KJ462514
NC_073825	BK013373
NC_073826	BK013629
NC_073827	BK014151
NC_073829	BK013764
NC_073830	BK014214
NC_073793	BK013684
NC_073831	BK014093
NC_073833	BK014156
NC_073834	BK014185
NC_073835	BK014002
NC_073836	BK013564
NC_073837	BK013514
NC_073838	BK013526
NC_073828	BK014203
NC_073762	BK013421
NC_073763	BK013498
NC_073764	BK014192
NC_073845	BK013761
NC_073765	BK013713
NC_073766	BK013631
NC_073767	BK014098
NC_073768	BK013375
NC_073769	BK014110
NC_073770	BK013562
NC_073805	BK013885
NC_073771	BK013539
NC_073832	BK013661
NC_073772	BK013727
NC_073773	BK013545
NC_073774	BK014136
NC_073801	BK013630
NC_073802	BK013664
NC_073803	BK013695
NC_073804	BK014206
NC_073775	BK014140
NC_073776	BK013522
NC_073777	BK013780
NC_073778	BK013469
NC_073779	BK013653
NC_073780	BK013760
NC_073781	BK013448
NC_073782	BK013574
NC_073783	BK013728
NC_073784	BK014112
NC_073785	BK013524
NC_073786	BK013392
NC_073840	BK013781
NC_073787	BK013934
NC_073788	BK013875
NC_073789	BK013502
NC_073790	BK013888
NC_073791	BK013981
NC_073792	BK013768
NC_073794	BK013420
NC_073795	BK014081
NC_073796	BK013609
NC_073797	BK014211
NC_073798	BK013755
NC_073799	BK014129
NC_073800	BK014123
NC_073806	BK013785
NC_073807	BK013414
NC_073808	BK013915
NC_073809	BK013855
NC_073810	BK013840
NC_073811	BK013711
NC_073812	BK014171
NC_073815	BK013726
NC_073813	BK013880
NC_073814	BK014072
NC_073816	BK013765
NC_073817	BK014212
NC_073818	BK013975
NC_073819	BK013902
NC_073820	BK014039
NC_073821	BK013948
NC_073842	BK013607
NC_073822	BK013935
NC_073823	BK014011
NC_073824	BK013770
NC_073839	BK013456
NC_073841	BK014017
NC_073843	BK013967
NC_073844	BK013416
NC_073846	BK014094
NC_073847	BK014209
NC_073848	BK014149
NC_073849	BK014104
NC_073850	BK013403
NC_073851	BK013492
NC_073852	BK013949
NC_073853	BK014219
NC_073854	BK013751
NC_073855	BK013611
NC_073856	BK013685
NC_073857	BK014092
NC_073860	BK013471
NC_073861	BK013862
NC_073862	BK013749
NC_073863	BK013773
NC_073864	BK013918
NC_073865	BK013549
NC_073866	BK013483
NC_073994	BK013784
NC_073868	BK014127
NC_073869	BK013688
NC_073870	BK013766
NC_073871	BK014100
NC_073873	BK014157
NC_073874	BK014175
NC_073876	BK014047
NC_073877	BK014220
NC_073878	BK014182
NC_073879	BK014186
NC_073880	BK014153
NC_073885	BK013624
NC_073886	BK014134
NC_073895	BK013697
NC_073896	BK013936
NC_073897	BK014111
NC_073898	BK014040
NC_073899	BK013437
NC_073900	BK013995
NC_073901	BK013636
NC_073902	BK013707
NC_073903	BK013708
NC_073904	BK013580
NC_073905	BK013357
NC_073906	BK013547
NC_073907	BK013442
NC_073908	BK013929
NC_073909	BK013620
NC_073910	BK014106
NC_073911	BK014174
NC_073912	BK013594
NC_073913	BK013722
NC_073914	BK014221
NC_073915	BK013650
NC_073928	BK013358
NC_073929	BK013618
NC_073930	BK013625
NC_073931	BK013643
NC_073935	BK014155
NC_073936	BK013921
NC_073937	BK013849
NC_073938	BK013622
NC_073926	BK013365
NC_074064	BK013759
NC_073939	BK013802
NC_074090	BK013807
NC_074026	BK013799
NC_074027	BK013812
NC_073940	BK013369
NC_074100	BK014068
NC_073867	BK014037
NC_074107	BK013791
NC_074126	BK013687
NC_074029	BK014190
NC_074012	BK014164
NC_073941	BK013361
NC_074056	BK013464
NC_074057	BK013487
NC_073942	BK013752
NC_074058	BK013366
NC_073944	BK014050
NC_073946	BK013692
NC_073947	BK013702
NC_073948	BK014088
NC_073950	BK013847
NC_073951	BK013877
NC_073952	BK014079
NC_073953	BK013405
NC_074562	BK014096
NC_073954	BK013739
NC_073881	BK013583
NC_073884	BK013602
NC_073955	BK013616
NC_074014	BK013606
NC_074025	BK013612
NC_074016	BK013838
NC_073956	BK013429
NC_073957	BK014056
NC_073958	BK013585
NC_073959	BK014205
NC_073960	BK013767
NC_073961	BK013721
NC_073962	BK013615
NC_073963	BK014207
NC_073964	BK013758
NC_073965	BK014215
NC_073966	BK013669
NC_073967	BK014198
NC_073968	BK013378
NC_073969	BK013700
NC_073970	BK014095
NC_073971	BK014060
NC_073972	BK014046
NC_073973	BK014054
NC_073974	BK014195
NC_073975	BK013619
NC_073859	BK013368
NC_073976	BK013581
NC_073977	BK013598
NC_073979	BK014061
NC_073980	BK014116
NC_073981	BK013376
NC_073982	BK014146
NC_073916	BK014016
NC_073917	BK013856
NC_073919	BK013778
NC_073920	BK013859
NC_074089	BK013719
NC_074070	BK013672
NC_073921	BK014036
NC_073923	BK013528
NC_073924	BK013433
NC_073925	BK013901
NC_074034	BK013605
NC_073945	BK013640
NC_073894	BK013453
NC_073983	BK013646
NC_073984	BK014063
NC_073922	BK013823
NC_074023	BK013593
NC_073985	BK014101
NC_073887	BK013667
NC_073888	BK013597
NC_073889	BK014062
NC_073890	BK014069
NC_073891	BK013714
NC_073892	BK013377
NC_073893	BK013440
NC_073986	BK014158
NC_074015	BK013893
NC_074018	BK013899
NC_074019	BK013521
NC_074106	BK013933
NC_074108	BK013913
NC_073988	BK013819
NC_073989	BK013427
NC_073990	BK013846
NC_073872	BK013548
NC_073991	BK013682
NC_073992	BK013753
NC_073993	BK014105
NC_073995	BK013699
NC_073996	BK013637
NC_073997	BK013374
NC_074114	BK013892
NC_073998	BK013957
NC_073999	BK014049
NC_074000	BK013676
NC_073875	BK013720
NC_074001	BK013900
NC_074002	BK013854
NC_074003	BK013674
NC_074004	BK013706
NC_074005	BK014180
NC_074006	BK013434
NC_074007	BK013986
NC_074008	BK013531
NC_074009	BK014177
NC_074010	BK013745
NC_074024	BK014160
NC_073949	BK013677
NC_074011	BK014099
NC_074020	BK014066
NC_074021	BK014070
NC_074022	BK013655
NC_073978	BK013617
NC_074028	BK013665
NC_074030	BK014085
NC_074031	BK014089
NC_074101	BK014073
NC_074035	BK014191
NC_074036	BK013626
NC_074037	BK013614
NC_074038	BK014197
NC_074039	BK014172
NC_074041	BK014170
NC_074042	BK013491
NC_074032	BK013863
NC_074033	BK013395
NC_074043	BK013824
NC_074044	BK013983
NC_074045	BK013489
NC_074046	BK013569
NC_074047	BK013996
NC_074048	BK013623
NC_074049	BK014128
NC_074050	BK013628
NC_074051	BK013651
NC_074052	BK013679
NC_074053	BK014077
NC_074054	BK013961
NC_074055	BK013436
NC_074059	BK014113
NC_074060	BK013592
NC_074065	BK013503
NC_074066	BK013990
NC_074067	BK013822
NC_074068	BK014051
NC_074069	BK013916
NC_074071	BK013355
NC_074078	BK014217
NC_074079	BK013800
NC_074080	BK014075
NC_074072	BK013883
NC_074073	BK013513
NC_074074	BK013946
NC_074075	BK013519
NC_074076	BK013505
NC_074077	BK013551
NC_074081	BK013959
NC_074082	BK013833
NC_074083	BK013406
NC_074084	BK013497
NC_074085	BK013415
NC_074086	BK014082
NC_074087	BK014132
NC_073932	BK013635
NC_074088	BK014147
NC_074091	BK013577
NC_074092	BK013725
NC_074093	BK013660
NC_074094	BK014202
NC_073987	BK013783
NC_074098	BK014183
NC_074099	BK014058
NC_074102	BK013573
NC_074103	BK013698
NC_074104	BK013724
NC_074105	BK013732
NC_074109	BK013718
NC_074110	BK013382
NC_074111	BK013729
NC_074112	BK014103
NC_074113	BK013610
NC_074115	BK013390
NC_074133	BK013645
NC_073927	BK014067
NC_074117	BK013649
NC_074118	BK013683
NC_074119	BK014087
NC_074120	BK013757
NC_074121	BK013736
NC_073933	BK013743
NC_074013	BK014208
NC_073934	BK013554
NC_074122	BK013852
NC_074125	BK013656
NC_074061	BK014115
NC_074062	BK013662
NC_074063	BK013608
NC_073882	BK013696
NC_073883	BK013701
NC_074123	BK014201
NC_074124	BK014218
NC_074127	BK013582
NC_074128	BK013735
NC_074129	BK014006
NC_074130	BK013472
NC_074131	BK014021
NC_074132	BK013777
NC_074134	BK013367
NC_074135	BK014150
NC_074136	BK014145
NC_074137	BK013627
NC_073858	BK014173
NC_074138	BK014204
NC_074139	BK013762
NC_074140	BK013750
NC_074141	BK014125
NC_074142	BK013738
NC_074143	BK013746
NC_074144	BK014003
NC_074146	BK013716
NC_074147	BK014166
NC_074148	BK013709
NC_074149	BK014130
NC_074150	BK014167
NC_074151	BK014141
NC_074152	BK013710
NC_074153	BK013673
NC_074154	BK013621
NC_074159	BK014078
NC_074160	BK013604
NC_074161	BK014154
NC_074162	BK014159
NC_074165	BK014074
NC_074166	BK014109
NC_074168	BK013966
NC_074169	BK013478
NC_074170	BK014057
NC_074171	BK014076
NC_074156	BK013462
NC_074563	BK013793
NC_074158	BK013795
NC_074172	BK013680
NC_074173	BK013693
NC_074145	BK013644
NC_074157	BK013444
NC_074155	BK014169
NC_074175	BK013364
NC_074176	BK014097
NC_074552	BK013715
NC_074178	BK013717
NC_074179	BK014052
NC_074180	BK013638
NC_074181	BK013362
NC_074182	BK013575
NC_074183	BK013360
NC_074184	BK013741
NC_074185	BK014053
NC_074186	BK014059
NC_074187	BK013742
NC_074188	BK013657
NC_074189	BK013675
NC_074190	BK013730
NC_074191	BK014162
NC_074193	BK013359
NC_074195	BK013633
NC_074206	BK013586
NC_074197	BK013460
NC_074198	BK013634
NC_074199	BK014181
NC_074200	BK013681
NC_074202	BK013584
NC_074204	BK013740
NC_074207	BK014163
NC_074208	BK013587
NC_074214	BK014065
NC_074215	BK014025
NC_074216	BK013537
NC_074217	BK013555
NC_074218	BK013861
NC_074406	BK013734
NC_074219	BK014107
NC_074220	BK014117
NC_074221	BK013670
NC_074222	BK014200
NC_074294	BK013571
NC_074223	BK013904
NC_074224	BK013398
NC_074239	BK013850
NC_074240	BK013978
NC_074407	BK013596
NC_074241	BK014187
NC_074443	BK014139
NC_074275	BK014108
NC_074391	BK014199
NC_074455	BK014090
NC_074456	BK013668
NC_074457	BK014137
NC_074458	BK013595
NC_074459	BK013733
NC_074276	BK013647
NC_074286	BK013576
NC_074460	BK013825
NC_074461	BK013384
NC_074277	BK014131
NC_074278	BK014210
NC_074209	BK014124
NC_074280	BK013992
NC_074569	BK013763
NC_074281	BK014102
NC_074284	BK013776
NC_074442	BK014133
NC_074229	BK013907
NC_074231	BK013842
NC_074237	BK013387
NC_074571	BK013979
NC_074572	BK013412
NC_074574	BK014213
NC_074295	BK013873
NC_074575	BK013756
NC_074576	BK013944
NC_074577	BK014091
NC_074578	BK014168
NC_074579	BK014135
NC_074296	BK014071
NC_074297	BK013704
NC_074285	BK013418
NC_074447	BK013844
NC_074298	BK014084
NC_074299	BK013399
NC_074580	BK013600
NC_074225	BK013782
NC_074226	BK013869
NC_074227	BK013515
NC_074582	BK013998
NC_074583	BK013632
NC_074515	BK013455
NC_074516	BK013848
NC_074518	BK013534
NC_074519	BK013951
NC_074520	BK014000
NC_074521	BK013787
NC_074522	BK014018
NC_074524	BK013454
NC_074525	BK014001
NC_074526	BK013413
NC_074527	BK014142
NC_074528	BK013690
NC_074529	BK013379
NC_074530	BK013689
NC_074531	BK013591
NC_074532	BK014165
NC_074533	BK013396
NC_074535	BK013511
NC_074536	BK013499
NC_074537	BK013870
NC_074538	BK014031
NC_074539	BK014032
NC_074540	BK013827
NC_074541	BK013987
NC_074542	BK014035
NC_074543	BK013910
NC_074544	BK013490
NC_074545	BK013480
NC_074546	BK013891
NC_074348	BK013500
NC_074349	BK013470
NC_074350	BK013942
NC_074351	BK013393
NC_074352	BK013997
NC_074353	BK013578
NC_074354	BK014048
NC_074355	BK014179
NC_074356	BK013588
NC_074300	BK014010
NC_074584	BK013843
NC_074283	BK014044
NC_074585	BK013463
NC_074586	BK013816
NC_074587	BK013903
NC_074288	BK013475
NC_074588	BK013565
NC_074589	BK013535
NC_074303	BK014045
NC_074590	BK013435
NC_074230	BK013898
NC_074390	BK013658
NC_074592	BK013705
NC_074487	BK014118
NC_074428	BK014144
NC_074593	BK013493
NC_074594	BK013495
NC_074595	BK013960
NC_074287	BK013401
NC_074289	BK013425
NC_074290	BK013542
NC_074242	BK013797
NC_074243	BK013544
NC_074244	BK013868
NC_074245	BK013810
NC_074246	BK013508
NC_074247	BK013525
NC_074248	BK013370
NC_074604	BK013386
NC_074605	BK013808
NC_074606	BK013973
NC_074607	BK013411
NC_074608	BK013866
NC_074609	BK013839
NC_074249	BK013788
NC_074250	BK013509
NC_074251	BK013530
NC_074252	BK013922
NC_074253	BK013529
NC_074254	BK013841
NC_074483	BK014027
NC_074210	BK013543
NC_074211	BK013818
NC_074212	BK014038
NC_074307	BK013458
NC_074617	BK013909
NC_074618	BK013976
NC_074486	BK013919
NC_074396	BK013937
NC_074489	BK013923
NC_074601	BK014022
NC_074425	BK014030
NC_074426	BK013857
NC_074612	BK013461
NC_074388	BK013798
NC_074397	BK013481
NC_074398	BK013932
NC_074399	BK013830
NC_074432	BK014024
NC_074484	BK013820
NC_074255	BK013648
NC_074256	BK013589
NC_074257	BK013731
NC_074410	BK013993
NC_074411	BK013943
NC_074412	BK013878
NC_074413	BK013389
NC_074414	BK013872
NC_074415	BK013968
NC_074400	BK013476
NC_074401	BK013887
NC_074402	BK013834
NC_074309	BK013449
NC_074310	BK013940
NC_074625	BK013991
NC_074626	BK013432
NC_074627	BK013796
NC_074628	BK013930
NC_074629	BK013813
NC_074338	BK013999
NC_074339	BK013559
NC_074340	BK013881
NC_074341	BK013459
NC_074342	BK013568
NC_074344	BK013939
NC_074403	BK013465
NC_074395	BK013567
NC_074308	BK013956
NC_074301	BK013804
NC_074619	BK013558
NC_074620	BK013779
NC_074621	BK013468
NC_074302	BK014012
NC_074591	BK013924
NC_074622	BK013408
NC_074623	BK013965
NC_074624	BK013962
NC_074596	BK013409
NC_074304	BK013417
NC_074597	BK013832
NC_074598	BK013494
NC_074599	BK014033
NC_074600	BK014015
NC_074573	BK013789
NC_074602	BK013845
NC_074603	BK013895
NC_074424	BK013563
NC_074359	BK013894
NC_074360	BK013801
NC_074611	BK013928
NC_074581	BK013826
NC_074305	BK013482
NC_074613	BK013982
NC_074614	BK013803
NC_074306	BK013896
NC_074615	BK014042
NC_074616	BK014029
NC_074311	BK013884
NC_074630	BK013450
NC_074312	BK013775
NC_074430	BK013712
NC_074513	BK013906
NC_074328	BK013400
NC_074329	BK013879
NC_074330	BK013566
NC_074331	BK013506
NC_074332	BK013410
NC_074333	BK013829
NC_074334	BK013507
NC_074335	BK013430
NC_074336	BK013550
NC_074313	BK013560
NC_074314	BK013383
NC_074631	BK013388
NC_074315	BK013391
NC_074316	BK013817
NC_074317	BK014004
NC_074318	BK013814
NC_074319	BK013974
NC_074320	BK013794
NC_074321	BK013828
NC_074322	BK013501
NC_074323	BK013381
NC_074324	BK013404
NC_074325	BK013867
NC_074326	BK014005
NC_074327	BK013479
NC_074258	BK013905
NC_074259	BK013971
NC_074260	BK013805
NC_074261	BK013496
NC_074262	BK013520
NC_074263	BK013815
NC_074264	BK013532
NC_074265	BK014020
NC_074266	BK013984
NC_074267	BK013835
NC_074268	BK013536
NC_074269	BK013941
NC_074270	BK013431
NC_074271	BK014008
NC_074272	BK013517
NC_074343	BK013402
NC_074273	BK013771
NC_074345	BK013541
NC_074346	BK013394
NC_074347	BK013837
NC_074570	BK013642
NC_074361	BK014138
NC_074362	BK013451
NC_074363	BK013964
NC_074364	BK013985
NC_074365	BK014148
NC_074366	BK013955
NC_074367	BK014026
NC_074368	BK013527
NC_074369	BK013385
NC_074370	BK013552
NC_074371	BK013510
NC_074372	BK013441
NC_074373	BK013836
NC_074374	BK013556
NC_074375	BK013467
NC_074376	BK013488
NC_074377	BK013504
NC_074378	BK013557
NC_074379	BK013769
NC_074380	BK013871
NC_074381	BK013424
NC_074382	BK013953
NC_074383	BK013950
NC_074384	BK013426
NC_074385	BK013963
NC_074386	BK013659
NC_074387	BK013897
NC_074389	BK013601
NC_074392	BK014161
NC_074393	BK014216
NC_074394	BK013423
NC_074404	BK014196
NC_074405	BK014080
NC_074408	BK013671
NC_074409	BK013914
NC_074232	BK014013
NC_074233	BK013994
NC_074234	BK014034
NC_074236	BK013860
NC_074282	BK013865
NC_074550	BK013882
NC_074551	BK013911
NC_074549	BK013443
NC_074238	BK013874
NC_074416	BK014152
NC_074417	BK013641
NC_074418	BK014114
NC_074419	BK013864
NC_074420	BK013538
NC_074421	BK013446
NC_074422	BK014064
NC_074564	BK014019
NC_074292	BK013474
NC_074565	BK013774
NC_074566	BK013908
NC_074293	BK013853
NC_074567	BK013886
NC_074568	BK013938
NC_074423	BK013694
NC_074429	BK013599
NC_074431	BK014193
NC_074433	BK014007
NC_074434	BK013851
NC_074435	BK013954
NC_074436	BK014043
NC_074437	BK013809
NC_074438	BK013516
NC_074439	BK013512
NC_074440	BK013484
NC_074441	BK013890
NC_074235	BK013912
NC_074445	BK013970
NC_074451	BK014041
NC_074452	BK014121
NC_074453	BK013419
NC_074454	BK013988
NC_074462	BK013447
NC_074482	BK013686
NC_074488	BK013439
NC_074490	BK013666
NC_074494	BK013678
NC_074517	BK013927
NC_074523	BK013452
NC_074534	BK013792
NC_074495	BK013821
NC_074496	BK013748
NC_074497	BK013806
NC_074498	BK013772
NC_074499	BK013747
NC_074500	BK014023
NC_074501	BK013980
NC_074505	BK013473
NC_074507	BK014189
NC_074463	BK013540
NC_074464	BK013790
NC_074465	BK013917
NC_074466	BK013466
NC_074467	BK013926
NC_074468	BK013969
NC_074469	BK013553
NC_074470	BK013546
NC_074471	BK013477
NC_074472	BK013889
NC_074473	BK013407
NC_074474	BK013561
NC_074475	BK013811
NC_074476	BK013947
NC_074477	BK013989
NC_074478	BK013931
NC_074479	BK013570
NC_074480	BK013786
NC_074481	BK013523
NC_074508	BK014122
NC_074509	BK013737
NC_074510	BK014120
NC_074511	BK013639
NC_074514	BK013831
NC_074547	BK013654
NC_074548	BK014194
NC_074274	BK013723
NC_074553	KT462700
NC_074555	BK013744
NC_074557	BK014009
NC_077091	MW017457
NC_077160	OK634395
NC_077161	OK634396
NC_077054	MN971592
NC_077053	MN971591
NC_077093	MW117114
NC_076383	MK584841
NC_077046	MN648455
NC_076382	MK584840
NC_077089	MT995746
NC_077090	MW017456
NC_076427	MN190034
NC_076158	KX924630
NC_076416	MN025520
NC_076200	MF360789
NC_043472	KM817604
NC_043473	KM817605
NC_033327	KX884424
NC_033328	KX884425
NC_076263	MH620818
NC_077763	KM817597
NC_077764	KM817596
NC_076533	BK014572
NC_055510	KX371887
NC_077122	MZ209654
NC_077094	MW256666
NC_077095	MW256667
NC_077125	MZ209771
NC_077126	MZ209782
NC_077120	MZ209613
NC_077163	OL377732
NC_077128	MZ210022
NC_077121	MZ209652
NC_077124	MZ209674
NC_077174	OM049502
NC_076420	MN034260
NC_076457	MN557002
NC_076265	MH648611
NC_076421	MN035745
NC_033450	KX884436
NC_033451	KX884437
NC_076397	MK677430
NC_076003	MF594598
NC_074766	EU877976
NC_076269	MH900516
NC_075440	MG600059
NC_075441	MG600062
NC_075439	MG600058
NC_076597	KY370098
NC_076624	MG203877
NC_076625	MG203878
NC_075983	MG230624
NC_075438	MG600057
NC_077058	MT085340
NC_077088	MT875151
NC_076147	KR822826
NC_076504	MW721934
NC_076720	MN103537
NC_077154	OK086698
NC_077153	OK086697
NC_077171	OM030289
NC_076266	MH688524
NC_075991	KU127239
NC_076867	MN963996
NC_076627	MG600013
NC_077149	MZ822104
NC_077164	OL420709
NC_076586	KR612230
NC_076016	MG600016
NC_077049	MN714687
NC_077172	OM030290
NC_076186	MF279192
NC_077173	OM030292
NC_077193	OM372677
NC_083851	BK010826
NC_076024	MG948563
NC_076000	MF543022
NC_077105	MW550041
NC_076898	MT381995
NC_077047	MN689395
NC_075997	KY965147
NC_076113	BK011194
NC_055209	KY700686
NC_055208	KY700685
NC_043648	MG938506
NC_043649	MG938507
NC_038756	KF812525
NC_038755	KF812526
NC_052230	KX982176
NC_052231	KX982179
NC_009608	AB244417
NC_009609	AB244418
NC_079053	MW922438
NC_011558	AB075039
NC_011568	AB114138
NC_079129	LC604719
NC_076210	MF975531
NC_076201	MF360790
NC_076608	LC514055
NC_032273	KX884032
NC_032275	KX884033
NC_033289	KX884034
NC_033290	KX884035
NC_078288	MK861116
NC_078287	MK861117
NC_078286	MK861118
NC_078281	MH717874
NC_078280	MH717875
NC_078282	MH717876
NC_032143	KX884856
NC_032144	KX884857
NC_032145	KX884858
NC_078679	MT879190
NC_078676	MT879191
NC_078678	MT879192
NC_078675	MT879193
NC_078677	MT879194
NC_078680	MT879195
NC_038769	KT861481
NC_038770	KT861482
NC_038772	KT861483
NC_038771	KT861484
NC_038773	KT861485
NC_029575	HF568801
NC_029556	HF568802
NC_029574	HF568803
NC_029557	HF568804
NC_029569	HF945448
NC_078415	MN385573
NC_078417	MN385574
NC_078419	MN385575
NC_078416	MN385576
NC_078414	MN557024
NC_078418	MN557025
NC_078413	MN557026
NC_078411	MN557027
NC_078412	MN557028
NC_038852	JF795479
NC_038856	JF795480
NC_038854	JF795481
NC_038853	JF795482
NC_038855	KU904300
NC_078665	LC576445
NC_078667	LC576446
NC_078663	LC576447
NC_078669	LC576448
NC_078668	LC576449
NC_078666	LC576450
NC_078664	LC576451
NC_055641	MH223635
NC_055642	MH223636
NC_055643	MH223637
NC_055644	MH223638
NC_055645	MH223639
NC_079064	MZ391827
NC_079062	MZ391828
NC_079063	MZ391829
NC_079065	MZ391830
NC_079066	MZ391831
NC_029562	AM941711
NC_029565	FM864225
NC_029563	FM991954
NC_029564	FM992851
NC_029566	HE803826
NC_029568	HE803827
NC_029567	FR823299
NC_029558	FR823300
NC_029559	FR823301
NC_029560	FR823302
NC_029561	FR823303
NC_029571	KP970121
NC_029572	KP970122
NC_029573	KP970123
NC_079092	LC597437
NC_079088	LC597438
NC_079089	LC597439
NC_079090	LC597440
NC_079091	LC597441
NC_055647	MK602171
NC_055648	MK602172
NC_055646	MK602173
NC_055649	MK602174
NC_055650	MK602175
NC_055651	MK602176
NC_078374	MF766025
NC_078376	MF766030
NC_078375	MF766035
NC_078377	MF766040
NC_078366	LC496090
NC_078368	LC496091
NC_078365	LC496092
NC_078367	LC496093
NC_078364	LC496094
NC_078372	LC496095
NC_078373	LC496096
NC_078370	LC496097
NC_078371	LC496098
NC_078369	LC496099
NC_078019	MH727572
NC_078848	LR742461
NC_078847	LR742462
NC_078846	LR742463
NC_078850	LR742464
NC_078849	LR742465
NC_078398	MK602177
NC_078400	MK602178
NC_078396	MK602179
NC_078397	MK602180
NC_078399	MK602181
NC_078852	LR828198
NC_078851	LR828199
NC_078853	LR828200
NC_078854	LR828201
NC_078855	LR828202
NC_015298	HQ871942
NC_015299	HQ871943
NC_015300	HQ871944
NC_015301	HQ871945
NC_034979	KM007081
NC_034980	KM007082
NC_034981	KM007083
NC_078033	KY056657
NC_078036	KY056658
NC_078035	KY056659
NC_078032	KY056660
NC_078034	KY056661
NC_013105	AY563040
NC_013106	AY563041
NC_013108	DQ831831
NC_013107	DQ831828
NC_078441	MT112174
NC_078443	MT112175
NC_078445	MT112176
NC_078442	MT112177
NC_078444	MT112178
NC_030660	HF912243
NC_030662	HF912244
NC_030661	HF912245
NC_030663	HF912246
NC_030658	HG939489
NC_030659	HG939490
NC_029570	KJ939623
NC_029549	KJ939624
NC_029550	KJ939626
NC_029551	KJ939627
NC_029552	KJ939628
NC_029553	KJ939629
NC_029554	KJ939630
NC_029555	KJ939631
NC_078428	MN385577
NC_078431	MN385578
NC_078430	MN385579
NC_078429	MN385580
NC_079076	BK059263
NC_079077	BK059264
NC_079073	BK059265
NC_079075	BK059266
NC_079074	BK059267
NC_079096	LC604727
NC_078386	MK305894
NC_078391	MK305895
NC_078390	MK305896
NC_078389	MK305897
NC_078387	MK305898
NC_078388	MK305899
NC_055640	MN510769
NC_055638	MN510770
NC_055639	MN510771
NC_055171	MG599943
NC_055173	MG599949
NC_055172	MG599946
NC_055174	MG599952
NC_055376	KX845680
NC_055377	KX845679
NC_055375	KX845678
NC_043125	JX465388
NC_043127	JX465402
NC_043126	JX465422
NC_038515	KM102249
NC_038513	KM102248
NC_038514	KM102247
NC_078483	MH499470
NC_078484	MH499471
NC_078485	MH499472
NC_034465	KR072623
NC_034470	KR072622
NC_034464	KR072621
NC_034401	KU950715
NC_034393	KU950714
NC_034400	KU950713
NC_055632	MK165653
NC_055634	MK165654
NC_055633	MK165655
NC_078262	KY662275
NC_078261	KY662274
NC_078263	KY662273
NC_003468	AF291704
NC_003467	AF291703
NC_003466	AF291702
NC_038274	EU929075
NC_038273	EU929072
NC_043068	KC880347
NC_043069	KC880344
NC_043070	KC880341
NC_038299	GQ244526
NC_034407	KC631784
NC_034406	KC631783
NC_034405	KC631782
NC_034402	KX551962
NC_034395	KX551961
NC_034394	KX551960
NC_034485	EF543525
NC_034474	EF543526
NC_034484	EF543524
NC_038383	JF796036
NC_038384	JF796022
NC_034515	GQ200821
NC_034525	DQ284451
NC_034528	DQ285566
NC_005235	AJ410617
NC_005234	AJ410616
NC_005233	AJ410615
NC_034467	KT899703
NC_034466	KT899702
NC_034473	KT899701
NC_034399	HQ834697
NC_034404	HQ834696
NC_034398	HQ834695
NC_034560	KJ857320
NC_034565	KJ857337
NC_034559	KJ857341
NC_034519	KJ857321
NC_034518	KJ857338
NC_034527	KJ857342
NC_038529	HQ404253
NC_038528	HM756287
NC_038530	HM756286
NC_038506	AF005728
NC_038505	AF005727
NC_034553	EU788002
NC_034552	AY363179
NC_034566	AY267347
NC_034403	AB620102
NC_034397	AB620101
NC_034396	AB620100
NC_038939	EF646763
NC_038695	HM015221
NC_038694	HM015219
NC_038696	HM015223
NC_034517	JQ082302
NC_034516	JQ082301
NC_034526	JQ082300
NC_005236	AY273791
NC_055636	MK883760
NC_055637	MK883758
NC_055635	MK883756
NC_034556	KC490922
NC_034563	KC490919
NC_034555	KC490918
NC_055147	KU934008
NC_005226	AJ005637
NC_034564	KJ420567
NC_034557	KJ420541
NC_034558	KJ420559
NC_010707	DQ825770
NC_010708	DQ825771
NC_010704	AY526097
NC_055170	MG599940
NC_038714	JQ659256
NC_038713	JQ659257
NC_038712	JQ659258
NC_034460	KF590577
NC_034468	KF590576
NC_034458	KF590575
NC_034459	KF590574
NC_034461	KF590573
NC_034457	KF590572
NC_078561	KF981633
NC_078560	KF981634
NC_078559	KF981635
NC_078564	MN092355
NC_078563	MN092356
NC_078562	MN092357
NC_078566	MN119734
NC_077941	MH017275
NC_077940	MH017281
NC_077942	MH017269
NC_078977	MK896653
NC_078978	MK896652
NC_078979	MK896651
NC_055195	KR149249
NC_055193	KR149248
NC_055194	KR149247
NC_018465	HE795087
NC_018459	HE795088
NC_018460	HE795089
NC_009894	AB190458
NC_009895	AB100604
NC_009896	AB000851
NC_055201	KU159766
NC_055200	KU159765
NC_055199	KU159764
NC_077927	MG821226
NC_077926	MG821227
NC_077925	MG821228
NC_043637	KX817330
NC_043638	KX817331
NC_043636	KX817332
NC_043564	JN572062
NC_043565	JN572063
NC_043566	JN572064
NC_077974	MG029269
NC_077973	MG029270
NC_077975	MG029271
NC_078982	MN092352
NC_078981	MN092353
NC_078980	MN092354
NC_078968	MK896635
NC_078970	MK896634
NC_078969	MK896633
NC_078876	MH507154
NC_078878	MH507155
NC_078877	MH507156
NC_043580	JX846606
NC_043579	JX846605
NC_043581	JX846604
NC_078965	MK896626
NC_078966	MK896625
NC_078967	MK896624
NC_078963	MK896623
NC_078962	MK896622
NC_078964	MK896621
NC_043621	KX161718
NC_043623	KX161719
NC_043622	KX161720
NC_078960	MK896617
NC_078961	MK896616
NC_078959	MK896615
NC_078958	MK896614
NC_078956	MK896613
NC_078957	MK896612
NC_043651	MH370821
NC_043652	MH370822
NC_043650	MH370823
NC_079016	MW415981
NC_079015	MW415982
NC_079014	MW415980
NC_078953	MK896611
NC_078954	MK896610
NC_078955	MK896609
NC_079031	OL774846
NC_079029	OL774847
NC_079030	OL774848
NC_043655	MH370824
NC_043653	MH370825
NC_043654	MH370826
NC_022039	KC854418
NC_022038	KC854417
NC_022037	KC854416
NC_077983	KM280929
NC_077984	KM280924
NC_077982	KM280937
NC_078235	KJ481929
NC_078234	KJ481928
NC_078236	KJ481927
NC_022595	KF234253
NC_022596	KF234254
NC_022597	KF234255
NC_078951	MK896599
NC_078952	MK896598
NC_078950	MK896597
NC_043597	KF697160
NC_043599	KF697161
NC_043598	KF697162
NC_034479	KJ867184
NC_034490	KJ867183
NC_034480	KJ867182
NC_043618	KX100135
NC_043619	KX100134
NC_043620	KX100133
NC_034482	KT160026
NC_034493	KT160027
NC_034483	KT160028
NC_034489	KF254776
NC_034477	KF254777
NC_034478	KF254778
NC_024076	JQ675598
NC_024074	JQ675599
NC_024075	JQ675600
NC_038728	KP792660
NC_038727	KP792659
NC_038726	KP792658
NC_078975	MK896644
NC_078974	MK896643
NC_078976	MK896642
NC_079003	KJ710425
NC_079004	KJ710423
NC_079005	KJ710424
NC_055119	KX817312
NC_055118	KX817313
NC_055117	KX817314
NC_043614	KU178983
NC_043612	KU178984
NC_043613	KU178985
NC_055185	KF697138
NC_055184	KF697137
NC_055186	KF697136
NC_038729	KM272174
NC_038730	KM272175
NC_038731	KM272176
NC_038717	KM272186
NC_038715	KM272187
NC_038716	KM272188
NC_078243	KR013232
NC_078242	KR013233
NC_078244	KR013234
NC_038734	KP792663
NC_038733	KP792662
NC_038732	KP792661
NC_038736	KP792666
NC_038735	KP792665
NC_038737	KP792664
NC_038724	KP792657
NC_038723	KP792656
NC_038725	KP792655
NC_078948	MK896570
NC_078949	MK896569
NC_078947	MK896568
NC_034487	KM245524
NC_034506	KM245523
NC_034486	KM245522
NC_078946	MK896567
NC_078945	MK896566
NC_078944	MK896565
NC_077898	MH484348
NC_077899	MH484349
NC_077900	MH484350
NC_077986	KY793537
NC_077987	KY793538
NC_077985	KY793539
NC_043568	JN572065
NC_043567	JN572066
NC_043569	JN572067
NC_043587	KF234075
NC_043586	KF234074
NC_043585	KF234073
NC_077934	KY569262
NC_077936	KY569263
NC_077935	KY569264
NC_043588	KF697139
NC_043589	KF697140
NC_043590	KF697141
NC_038738	KR260738
NC_038739	KR260739
NC_038740	KR260740
NC_043559	HM007352
NC_043560	HM007351
NC_043558	HM007350
NC_043578	JQ675603
NC_043577	JQ675602
NC_043576	JQ675601
NC_078937	MK896554
NC_078935	MK896553
NC_078936	MK896552
NC_034499	KJ867205
NC_034500	KJ867204
NC_034501	KJ867203
NC_077831	MH484306
NC_077833	MH484307
NC_077832	MH484308
NC_078932	MK896548
NC_078933	MK896547
NC_078934	MK896546
NC_043629	KX817321
NC_043627	KX817322
NC_043628	KX817323
NC_055196	EU203678
NC_055197	EU262553
NC_055198	EU294510
NC_038741	KP792669
NC_038742	KP792668
NC_038743	KP792667
NC_079034	KT820202
NC_079036	KT820203
NC_079035	KT820204
NC_077810	EF485032
NC_077809	EF485031
NC_077808	EF485030
NC_078931	MK896545
NC_078929	MK896544
NC_078930	MK896543
NC_043563	HM627178
NC_043561	HM627176
NC_043562	HM627177
NC_078883	MK514125
NC_078882	MK514122
NC_078884	MK514119
NC_038720	KP792672
NC_038718	KP792671
NC_038719	KP792670
NC_043632	KX817324
NC_043630	KX817325
NC_043631	KX817326
NC_055181	JN572068
NC_055183	JN572069
NC_055182	JN572070
NC_034497	KF254779
NC_034505	KF254780
NC_034498	KF254781
NC_055211	KY910429
NC_055212	KY910430
NC_055210	KY910431
NC_077916	KP835520
NC_077918	KP835519
NC_077917	KP835518
NC_077836	KF697150
NC_077834	KF697149
NC_077835	KF697148
NC_026281	KJ481926
NC_026283	KJ481925
NC_026282	KJ481924
NC_034495	KF254770
NC_034504	KF254771
NC_034496	KF254772
NC_077915	KP792693
NC_077913	KP792692
NC_077914	KP792691
NC_043634	KX817327
NC_043633	KX817328
NC_043635	KX817329
NC_043591	KF697153
NC_043592	KF697151
NC_043593	KF697152
NC_078923	MK896527
NC_078924	MK896526
NC_078925	MK896525
NC_077928	KY013487
NC_077929	KY013488
NC_077930	KY013489
NC_078233	KJ481923
NC_078232	KJ481922
NC_078231	KJ481921
NC_078927	MK896536
NC_078926	MK896535
NC_078928	MK896534
NC_043641	KX817333
NC_043639	KX817334
NC_043640	KX817335
NC_077979	MG029287
NC_077981	MG029288
NC_077980	MG029289
NC_079117	MH018032
NC_079116	MH018033
NC_079118	MH018034
NC_078917	MK896512
NC_078918	MK896511
NC_078919	MK896510
NC_078003	MH484312
NC_078005	MH102378
NC_078004	MH015350
NC_034492	KJ867190
NC_034491	KJ867189
NC_034481	KJ867188
NC_078914	MK896509
NC_078915	MK896508
NC_078916	MK896507
NC_034475	KF254773
NC_034488	KF254774
NC_034476	KF254775
NC_005776	AF484424
NC_005775	AF441119
NC_005777	AY237111
NC_078228	HM639780
NC_078230	HM639779
NC_078229	HM639778
NC_078912	MK896500
NC_078911	MK896499
NC_078913	MK896498
NC_043690	MH017277
NC_043691	MH017283
NC_043689	MH017273
NC_043550	HE795093
NC_043551	HE795094
NC_043549	HE795095
NC_043575	JN968590
NC_043573	JN968591
NC_043574	JN968592
NC_043646	MF066368
NC_043645	MF066369
NC_043647	MF066370
NC_043553	HE795096
NC_043552	HE795097
NC_043554	HE795098
NC_043556	HE795099
NC_043555	HE795100
NC_043557	HE795101
NC_078904	MK896474
NC_078903	MK896473
NC_078905	MK896472
NC_043583	KC355457
NC_043584	KC355458
NC_043582	KC355459
NC_018461	HE795102
NC_018466	HE795103
NC_018462	HE795104
NC_018463	HE795105
NC_018467	HE795106
NC_018464	HE795107
NC_078276	MH484327
NC_078275	MH484328
NC_078274	MH484329
NC_043617	KX100132
NC_043615	KX100131
NC_043616	KX100130
NC_077972	MH484330
NC_077970	MH484331
NC_077971	MH484332
NC_043699	KF153118
NC_043697	KF153117
NC_043698	KC510272
NC_018476	HE795108
NC_018478	HE795109
NC_018477	HE795110
NC_043570	JN572071
NC_043571	JN572072
NC_043572	JN572073
NC_077946	MH017278
NC_077947	MH017284
NC_077948	MH017271
NC_043692	MF497778
NC_043694	MF497776
NC_043693	MF497775
NC_055207	EU665255
NC_055205	EU622819
NC_055206	EU622820
NC_078900	MK896459
NC_078901	MK896458
NC_078902	MK896457
NC_043607	KP792678
NC_043608	KP792677
NC_043606	KP792676
NC_078897	MK896453
NC_078898	MK896452
NC_078899	MK896451
NC_043546	FJ943510
NC_043548	FJ943508
NC_043547	FJ943505
NC_078896	MK896450
NC_078894	MK896449
NC_078895	MK896448
NC_039184	KP792681
NC_039183	KP792680
NC_039185	KP792679
NC_077830	MH484336
NC_077829	MH484337
NC_077828	MH484338
NC_078892	MK896447
NC_078893	MK896446
NC_078891	MK896445
NC_078270	MG792213
NC_078271	MG792214
NC_078269	MG792215
NC_078889	MK896444
NC_078890	MK896443
NC_078888	MK896442
NC_078881	MK330169
NC_078880	MK330170
NC_078879	MK330171
NC_043594	KF697154
NC_043595	KF697155
NC_043596	KF697156
NC_043674	KP792690
NC_043675	KP792689
NC_043673	KP792688
NC_034633	KX470551
NC_034631	KX470552
NC_034632	KX470553
NC_039186	JN572080
NC_039187	JN572081
NC_039188	JN572082
NC_055409	MK330759
NC_055410	MK330760
NC_055408	MK330761
NC_077870	MK330762
NC_077871	MK330763
NC_077869	MK330764
NC_043605	KM225257
NC_043603	KM225258
NC_043604	KM225259
NC_043600	KM225254
NC_043602	KM225255
NC_043601	KM225256
NC_055188	KM225260
NC_055187	KM225261
NC_055189	KM225262
NC_031221	KM817679
NC_031222	KM817714
NC_031223	KM817739
NC_078630	MN982386
NC_078631	MN982384
NC_078629	MN982385
NC_043031	KP710246
NC_043033	KP710264
NC_043032	KP710267
NC_078989	MN661015
NC_078990	MN661017
NC_078988	MN661016
NC_078326	MT153364
NC_078327	MT153439
NC_078328	MT153396
NC_078362	MW039262
NC_078361	MW039263
NC_078363	MW039264
NC_038706	KP710232
NC_038708	KP710240
NC_038707	KP710243
NC_031312	KM817698
NC_031309	KM817727
NC_031311	KM817759
NC_055394	MH822966
NC_055395	MH822967
NC_055393	MH822968
NC_078332	MT153542
NC_078333	MT153459
NC_078334	MT153483
NC_055215	MF176242
NC_055213	MF176243
NC_055214	MF176244
NC_079026	MZ210010
NC_079027	MZ210011
NC_079028	MZ210012
NC_043642	KY053854
NC_043643	KY053855
NC_043644	KY053856
NC_032135	KX884786
NC_032136	KX884787
NC_032137	KX884788
NC_034462	KJ434182
NC_034469	KJ434183
NC_034463	KJ434184
NC_078309	MN168168
NC_078311	MN168169
NC_078310	MN168170
NC_032151	KX884775
NC_032153	KX884776
NC_032152	KX884777
NC_079023	MZ209987
NC_079024	MZ209988
NC_079025	MZ209989
NC_031293	KM817688
NC_031294	KM817721
NC_031296	KM817748
NC_031307	KM817697
NC_031308	KM817726
NC_031310	KM817758
NC_055192	KM817675
NC_055191	KX650646
NC_055190	KX650647
NC_030752	KM817692
NC_030750	KM817724
NC_030751	KM817753
NC_040742	MF469033
NC_040743	MF469034
NC_040741	MF469035
NC_055298	MG696851
NC_055297	MG696852
NC_055299	MG696853
NC_043503	KT972590
NC_043502	KT972592
NC_043504	KT972594
NC_043210	HQ402596
NC_055430	KP146140
NC_055429	KP146141
NC_003614	AF025538
NC_077825	FJ822962
NC_077827	FJ822961
NC_077826	AY867502
NC_008302	DQ256124
NC_008303	DQ256125
NC_008301	DQ256123
NC_033774	KX247379
NC_033773	KX247378
NC_033772	KX247377
NC_027718	KM114546
NC_027720	KM114547
NC_027719	KM114548
NC_003832	AF133128
NC_038289	GU735408
NC_038290	GU584185
NC_038288	GU584184
NC_031762	KU641378
NC_031758	KU641379
NC_031759	KU641380
NC_055179	HQ728385
NC_055180	HQ728386
NC_055178	HQ728387
NC_078090	HG763861
NC_078089	JX833565
NC_078088	JX833564
NC_029799	FJ623474
NC_038232	AF214014
NC_029800	AF001387
NC_008306	AB061774
NC_008307	AB061773
NC_008300	AB038343
NC_033834	KX698424
NC_033833	KX698423
NC_033832	KX698422
NC_026617	KM819698
NC_026618	KM819699
NC_026619	KM819701
NC_018070	JF417980
NC_018072	JN587269
NC_018071	JN587268
NC_039204	KJ541746
NC_039203	KJ541745
NC_039205	KJ541744
NC_055413	JN560178
NC_055411	JN560177
NC_055412	AY686718
NC_075345	HQ700667
NC_010491	EF552435
NC_010490	EF552434
NC_010489	EF552433
NC_040465	MG599866
NC_040466	MG599868
NC_040464	MG599867
NC_078283	MK611982
NC_040428	MG599863
NC_040426	MG599865
NC_040427	MG599864
NC_078313	MN567049
NC_078312	MN567048
NC_043443	KR870031
NC_043444	KR870017
NC_055441	MH778629
NC_055442	MH483026
NC_078315	MN567062
NC_078316	MN567061
NC_079038	OM456564
NC_079037	OM456563
NC_055444	MH483025
NC_055443	MH483024
NC_055446	MH483032
NC_055445	MH483031
NC_079033	MW091472
NC_079032	MW091473
NC_079020	MW896845
NC_079021	MW896846
NC_079022	MW896847
NC_078105	KY432892
NC_078106	KY432893
NC_010249	AY216502
NC_010253	AY012687
NC_010251	AY216517
NC_010247	AF485256
NC_040763	MF317491
NC_040762	MF317490
NC_010255	AY924390
NC_010256	AY924391
NC_078695	MZ065536
NC_078696	MZ065537
NC_006313	AY358026
NC_006439	AF427517
NC_039011	KP050226
NC_039012	KP050227
NC_010563	EU260464
NC_010562	EU260463
NC_077806	AY847351
NC_077807	AY847350
NC_010252	AY216519
NC_010254	AF512832
NC_079108	MT078839
NC_010759	EU627611
NC_010757	AF512831
NC_026247	KJ855307
NC_026246	KJ855308
NC_005082	AY358024
NC_005077	AY129247
NC_007906	DQ328878
NC_007905	DQ328877
NC_005080	AY358022
NC_005081	AY358023
NC_078293	MK935152
NC_078292	MK935153
NC_078698	MZ065540
NC_078697	MZ065541
NC_010760	EU627612
NC_010758	AF512830
NC_078101	MF414201
NC_078102	MF414202
NC_038365	KC669693
NC_038364	KC669698
NC_012777	FJ952385
NC_012776	FJ952384
NC_016153	AB586645
NC_016152	AB586644
NC_018711	AB693151
NC_018710	AB693150
NC_005079	AY358021
NC_005078	AY129248
NC_027136	KP867641
NC_027134	KM272987
NC_023763	GU078661
NC_023764	GU078660
NC_006574	AY772169
NC_006575	AY772170
NC_013058	EU914104
NC_013057	EU914103
NC_027137	KP867642
NC_027135	KM272988
NC_010250	AY216514
NC_010761	EU627613
NC_010756	AF485261
NC_005897	AY494081
NC_005894	AF485262
NC_007904	DQ328876
NC_007903	AY342390
NC_039010	KM020190
NC_039009	KM020191
NC_038366	AB972429
NC_038367	AB972428
NC_010702	AY924393
NC_010701	AF485263
NC_026019	KJ909795
NC_026018	KJ909794
NC_010703	AY924395
NC_010700	AF228063
NC_055440	MG976577
NC_055439	MG976578
NC_018482	JQ717263
NC_018483	JQ717264
NC_018484	JQ717261
NC_018481	JQ717262
NC_039008	KX527582
NC_039007	KX527575
NC_039006	KR870022
NC_039005	KR870012
NC_023762	KC508670
NC_023761	KC508669
NC_023765	KF297881
NC_023766	KF297880
NC_055204	KX280012
NC_055203	KX280013
NC_055202	KX280014
NC_033761	KX884758
NC_033759	KX884759
NC_033760	KX884760
NC_079009	MW315101
NC_079010	MW315107
NC_078265	KY700684
NC_078264	KY700683
NC_078344	MT153554
NC_078345	MT153362
NC_078343	MT153521
NC_078146	KU925434
NC_078148	KU925435
NC_078147	KU925436
NC_078150	KU925437
NC_078149	KU925438
NC_078151	KU925439
NC_078130	EU257628
NC_078128	EU257627
NC_078129	EU257626
NC_043440	KP792744
NC_043442	KP792745
NC_043441	KP792746
NC_078266	MF176881
NC_078268	MF176882
NC_078267	MF176883
NC_040460	KU925440
NC_040459	KU925441
NC_040458	KU925442
NC_078253	KU343148
NC_078251	KU343149
NC_078252	KU343150
NC_043439	KP792705
NC_043438	KP792706
NC_043437	KP792707
NC_034502	KU343154
NC_034494	KU343155
NC_034503	KU343156
NC_040512	KU925467
NC_040513	KU925468
NC_040514	KU925469
NC_043434	KP792711
NC_043436	KP792712
NC_043435	KP792713
NC_034561	KU343139
NC_034554	KU343140
NC_034562	KU343141
NC_078260	KU933934
NC_004157	AF434161
NC_055217	MH017280
NC_055216	MH017286
NC_055218	MH017274
NC_078145	KR534878
NC_078144	KR534877
NC_078143	KR534876
NC_005301	AY389361
NC_005300	AF467768
NC_038709	KP406723
NC_038710	KP406724
NC_038711	KP406725
NC_031135	KM817667
NC_031136	KM817706
NC_031137	KM817734
NC_078133	KF892055
NC_078132	KF892056
NC_078131	KF892057
NC_029124	LC008512
NC_029123	LC008511
NC_029122	LC008510
NC_036636	KR537444
NC_029933	KR537445
NC_029932	KR537446
NC_034392	KR537447
NC_034388	KR537448
NC_034389	KR537449
NC_034520	KU343151
NC_034510	KU343152
NC_034521	KU343153
NC_025831	AB842088
NC_025832	AB842089
NC_025833	AB842090
NC_078249	KT820205
NC_078248	KT820206
NC_078250	KT820207
NC_078323	MN972594
NC_078325	MN972595
NC_078324	MN972596
NC_034387	KM464726
NC_034391	KM464725
NC_034386	KM464724
NC_078225	DQ211612
NC_078227	DQ211625
NC_078226	DQ211638
NC_078159	KU925473
NC_078158	KU925474
NC_078160	KU925475
NC_034511	KU343160
NC_034522	KU343161
NC_034512	KU343162
NC_078290	MK896468
NC_078291	MK896467
NC_078289	MK896466
NC_078254	KU343163
NC_078255	KU343164
NC_055940	KU343165
NC_078168	KU925488
NC_078167	KU925489
NC_078169	KU925490
NC_079001	MT328776
NC_079000	MT328775
NC_079002	MT328777
NC_078999	MT263282
NC_078997	MT263283
NC_078998	MT263284
NC_031284	KM817683
NC_031285	KM817717
NC_031286	KM817743
NC_039220	KR537450
NC_039221	KR537451
NC_039222	KR537452
NC_078320	MN792651
NC_078321	MN792652
NC_078322	MN792653
NC_040770	KU925497
NC_040771	KU925498
NC_040772	KU925499
NC_031291	KM817685
NC_031288	KM817718
NC_031289	KM817745
NC_079099	LC621355
NC_079098	LC621356
NC_079100	LC621357
NC_029931	KR537453
NC_029935	KR537454
NC_029936	KR537455
NC_078256	KU343169
NC_078258	KU343170
NC_078257	KU343171
NC_040519	KU925500
NC_078237	KJ746877
NC_078238	KJ746878
NC_031220	KM817676
NC_031218	KM817712
NC_031219	KM817738
NC_031141	KM817674
NC_031142	KM817711
NC_031143	KM817737
NC_078241	KM817702
NC_078240	KM817729
NC_078239	KM817762
NC_078067	KF848980
NC_078065	KF848981
NC_078066	KF848982
NC_021242	KC589005
NC_021243	KC589006
NC_021244	KC589007
NC_027140	JX961616
NC_027141	JX961617
NC_027142	JX961618
NC_018136	HM745930
NC_018138	HM745931
NC_018137	HM745932
NC_043611	KT328593
NC_043609	KT328592
NC_043610	KT328591
NC_078064	KJ740148
NC_078063	KJ740147
NC_078062	KJ740146
NC_078070	KM114252
NC_078069	KM114253
NC_078068	KM114254
NC_022630	KC335496
NC_022631	KC335497
NC_022632	KC335498
NC_078996	MN823639
NC_032158	KX884796
NC_032159	KX884797
NC_032160	KX884798
NC_078433	MN520751
NC_078434	MN520752
NC_078432	MN520753
NC_078983	MN163034
NC_079045	MW291944
NC_079046	MW291945
NC_035759	KX960112
NC_035454	KX960111
NC_079048	MW842780
NC_079047	MW751424
NC_078103	MG764565
NC_078104	MG764566
NC_079050	MW842781
NC_079049	MW751425
NC_079044	MT269667
NC_079043	MT269668
NC_055435	MF375882
NC_055436	MK140653
NC_078973	BK062758
NC_078972	BK062757
NC_078971	BK062756
NC_078938	BK062755
NC_078940	BK062754
NC_078939	BK062753
NC_043045	KF543244
NC_043046	KF543245
NC_043047	KF543246
NC_043051	HQ541738
NC_043049	HQ541737
NC_043050	HQ541736
NC_031320	KM817703
NC_031321	KM817730
NC_031322	KM817763
NC_078471	MT498812
NC_078470	MT498813
NC_078472	MT498814
NC_078473	MT498815
NC_079008	MT860240
NC_079007	MT860248
NC_079006	MT860256
NC_031313	KM817690
NC_031316	KM817723
NC_031315	KM817751
NC_031314	KM817750
NC_032280	KX884809
NC_032278	KX884810
NC_032279	KX884811
NC_032282	KX884772
NC_032257	KX884773
NC_032256	KX884774
NC_078094	KM048313
NC_078093	KM048314
NC_055432	KU230449
NC_055431	KU230450
NC_055434	MF141052
NC_055433	MF141053
NC_078437	MN520754
NC_078435	MN520755
NC_078436	MN520756
NC_078440	MN520757
NC_078438	MN520758
NC_078439	MN520759
NC_078448	MT353902
NC_078447	MT353903
NC_078446	MT353904
NC_043679	KX774630
NC_043680	MG256515
NC_043681	KX774631
NC_079018	MW741894
NC_079019	MW741896
NC_079017	MW741895
NC_055450	LC466008
NC_055449	LC466009
NC_040450	MH817469
NC_040451	MH817470
NC_040448	MH817471
NC_040454	MH817472
NC_040449	MH817473
NC_040452	MH817474
NC_040453	MH817475
NC_040455	MH817476
NC_078991	MN752229
NC_043477	KX272883
NC_043479	KX272884
NC_043478	KX272885
NC_078318	MN661012
NC_078317	MN661014
NC_078319	MN661013
NC_078987	MN167501
NC_078986	MN167502
NC_038257	KT693187
NC_038258	KT693188
NC_038259	KT693189
NC_078294	MN053784
NC_032276	KX884799
NC_032277	KX884800
NC_032281	KX884801
NC_078358	MT498816
NC_038262	KR003786
NC_038261	KR003784
NC_038263	KR003785
NC_031298	KM817689
NC_031295	KM817722
NC_031297	KM817749
NC_031317	KM817700
NC_031318	KM817728
NC_031319	KM817761
NC_029127	KJ939330
NC_029128	KJ939331
NC_029129	KJ939332
NC_015451	HM566138
NC_015450	HM566137
NC_015452	HM566139
NC_055374	KR363190
NC_055373	KR363191
NC_055372	KR363192
NC_055330	HM119401
NC_055332	HM119402
NC_055331	HM119403
NC_055402	MK524348
NC_055404	MK524349
NC_055403	MK524350
NC_033844	KX611382
NC_033835	KX611383
NC_033845	KX611384
NC_033836	KX611385
NC_033846	KX611386
NC_033837	KX611387
NC_078042	MF593931
NC_078041	MF593932
NC_078043	MF593933
NC_078350	MT270828
NC_078349	MT270829
NC_078351	MT270830
NC_055389	KP272001
NC_055388	KP272002
NC_055387	KP272003
NC_078123	KX611388
NC_078121	KX611389
NC_078122	KX611390
NC_055325	MK330756
NC_055324	MK330757
NC_055326	MK330758
NC_078074	KP272040
NC_078075	KP272041
NC_078076	KP272042
NC_015374	HM119407
NC_015373	HM119408
NC_015375	HM119409
NC_055327	HM566147
NC_055329	HM566146
NC_055328	HM566148
NC_078053	HM566185
NC_078054	HM566186
NC_078055	HM566187
NC_078072	KP272036
NC_078071	KP272034
NC_078073	KP272035
NC_078245	KR106177
NC_078247	KR106178
NC_078246	KR106179
NC_055380	KP771821
NC_055379	KP771822
NC_055378	KP771823
NC_055345	HM566155
NC_055346	HM566157
NC_055347	HM566156
NC_055339	HM119410
NC_055341	HM119411
NC_055340	HM119412
NC_078346	MT270825
NC_078348	MT270826
NC_078347	MT270827
NC_078061	JF920136
NC_078060	JF920137
NC_078059	JF920138
NC_055319	KF297903
NC_055320	KF297904
NC_055318	KF297905
NC_055396	MK524332
NC_055397	MK524333
NC_055398	MK524334
NC_055363	KF297900
NC_055364	KF297901
NC_055365	KF297902
NC_079011	MW368831
NC_079013	MW368832
NC_079012	MW368833
NC_055420	MK330768
NC_055421	MK330769
NC_055422	MK330770
NC_055307	HM119416
NC_055306	HM119417
NC_055308	HM119418
NC_055321	MK330771
NC_055323	MK330772
NC_055322	MK330773
NC_055349	HM566162
NC_055348	HM566163
NC_055350	HM566161
NC_055419	KF297909
NC_055418	KF297910
NC_055417	KF297911
NC_078354	MT270831
NC_078352	MT270832
NC_078353	MT270833
NC_078051	HM566152
NC_078050	HM566154
NC_078052	HM566153
NC_086348	MK330765
NC_086347	MK330766
NC_086346	MK330767
NC_055344	HM119413
NC_055343	HM119414
NC_055342	HM119415
NC_055414	EU725771
NC_055416	EU725772
NC_055415	EU725773
NC_055383	KU255114
NC_055382	KU255115
NC_055381	KU297253
NC_055399	MK524337
NC_055400	MK524338
NC_055401	MK524339
NC_043510	LC063770
NC_043509	LC063768
NC_043511	LC063769
NC_033830	HM566164
NC_033847	HM566165
NC_033831	HM566166
NC_029082	KP863799
NC_037616	KP863800
NC_037617	KP863801
NC_055314	HM119425
NC_055313	HM119426
NC_055312	HM119427
NC_055407	MF695812
NC_055406	MF695810
NC_055405	MF695811
NC_055357	HM566174
NC_055359	HM566173
NC_055358	HM566175
NC_055303	HM119434
NC_055304	HM119435
NC_055305	HM119436
NC_055437	MF289183
NC_055438	MF289182
NC_078082	MK524341
NC_078081	MK524342
NC_078080	MK524343
NC_078301	MN163121
NC_078300	MN163122
NC_078302	MN163123
NC_078355	MT270834
NC_078357	MT270835
NC_078356	MT270836
NC_055302	JF920133
NC_055301	JF920134
NC_055300	JF920135
NC_014397	DQ375403
NC_014396	DQ380206
NC_014395	DQ380151
NC_055309	MK503253
NC_055311	MK503254
NC_055310	MK503255
NC_055360	KC669549
NC_055361	KC669550
NC_055362	KC669551
NC_055294	JX472403
NC_055296	JX472404
NC_055295	JX472405
NC_078045	HM627185
NC_078044	HM627183
NC_078046	HM627184
NC_015412	GQ847513
NC_015411	GQ847512
NC_015413	GQ847511
NC_033848	KX611397
NC_033838	KX611398
NC_033839	KX611399
NC_055385	JF939846
NC_055384	JF939847
NC_055386	JF939848
NC_078085	MK524345
NC_078083	MK524346
NC_078084	MK524347
NC_039192	KP272028
NC_039191	KP272029
NC_039193	KP272030
NC_029903	KP966619
NC_037614	KP966620
NC_037615	KP966621
NC_055315	HM119431
NC_055317	HM119432
NC_055316	HM119433
NC_033849	KX611400
NC_033840	KX611401
NC_033850	KX611402
NC_033841	KX611403
NC_033842	KX611404
NC_033843	KX611405
NC_029901	KP966616
NC_037612	KP966617
NC_037613	KP966618
NC_043482	KX852391
NC_043481	KX852390
NC_043480	KX852389
NC_078329	MT153420
NC_078330	MT153468
NC_078331	MT153384
NC_078401	MK728654
NC_078403	MK728655
NC_078402	MK728656
NC_078405	MK728657
NC_078406	MK728658
NC_078404	MK728659
NC_055390	MF062125
NC_055391	MF062126
NC_055392	MF062127
NC_055534	MF062139
NC_055536	MF062142
NC_055537	MF062143
NC_055535	MF062140
NC_055533	MF062141
NC_078299	MN062090
NC_078297	MN062091
NC_078298	MN062092
NC_078409	MN044342
NC_078408	MN044343
NC_078407	MN044344
NC_078410	MN044345
NC_002323	AB009656
NC_002324	AB010376
NC_002325	AB010377
NC_002326	AB010378
NC_002327	AB000403
NC_002328	AB000404
NC_036597	MG566074
NC_036598	MG566075
NC_036602	MG566076
NC_036599	MG566077
NC_038748	AY312434
NC_038750	AY312435
NC_038749	AY312436
NC_078095	KM817666
NC_078096	KM817733
NC_078091	KM048311
NC_078092	KM048312
NC_055333	JF838327
NC_055335	JF838328
NC_055334	JF838329
NC_078100	KU933936
NC_031138	KM817668
NC_031139	KM817707
NC_031140	KM817735
NC_036604	LC153711
NC_036605	LC153712
NC_036606	LC153713
NC_040494	MG581739
NC_040493	MG581740
NC_040492	MG581741
NC_055423	KM817672
NC_055424	KM817736
NC_055337	HM566181
NC_055338	HM566179
NC_055336	HM566180
NC_055368	KF892052
NC_055367	KF892053
NC_055366	KF892054
NC_078048	HM566159
NC_078049	HM566158
NC_078047	HM566160
NC_055370	KM114257
NC_055369	KM114255
NC_055371	KM114256
NC_055425	KM817684
NC_055426	KM817744
NC_079057	LC618931
NC_079058	LC618932
NC_079059	LC618933
NC_055356	HM566191
NC_055354	HM566193
NC_055355	HM566192
NC_055353	JF838330
NC_055352	JF838331
NC_055351	JF838332
NC_055427	KM817704
NC_055428	KM817764
NC_043500	KM817696
NC_043499	KX650645
NC_043501	KM817757
NC_029926	KU751814
NC_029921	KU751815
NC_029927	KU751816
NC_029922	KU751817
NC_029923	KU751818
NC_029928	KU751819
NC_029924	KU751820
NC_029929	KU751821
NC_029925	KU751822
NC_029930	KU751823
NC_002205	AF101982
NC_002206	AF102017
NC_036616	JQ922305
NC_036615	JQ922306
NC_036619	JQ922307
NC_036618	JQ922308
NC_036617	JQ922309
NC_036620	JQ922310
NC_036621	JQ922311
NC_006307	AB126191
NC_006308	AB126192
NC_006309	AB126193
NC_006310	AB126194
NC_006311	AB126195
NC_006312	AB126196
NC_006306	AB283001
NC_006505	AY373381
NC_006503	AF404346
NC_006502	AF404345
NC_006501	AF404344
NC_006500	AF404343
NC_006499	AF404342
NC_006498	AF404341
NC_006497	AF404340
NC_078528	KX882061
NC_052680	MT774253
NC_052681	MT774254
NC_052682	MT774255
NC_052683	MT774256
NC_052684	MT774257
NC_052686	MT774258
NC_052685	MT774259
NC_038817	GQ499302
NC_038818	GQ499303
NC_038821	FJ861695
NC_038819	JN412853
NC_038820	FJ861694
NC_038822	GQ499304
NC_025795	KM114304
NC_025796	KM114305
NC_025797	KM114306
NC_025793	KM114307
NC_025798	KM114308
NC_025799	KM114309
NC_025794	KM114310
NC_078607	MN241407
NC_034261	GU969308
NC_034263	GU969313
NC_034254	GU969309
NC_034255	GU969310
NC_034262	GU969311
NC_034256	GU969312
NC_040730	LC320123
NC_040731	LC320124
NC_040732	LC320125
NC_040735	LC320126
NC_040733	LC320127
NC_040734	LC320128
NC_078600	MN095539
NC_006495	AF004985
NC_006496	AF006073
NC_006504	AF527531
NC_079068	MZ458543
NC_010985	EF120984
NC_010986	EF120985
NC_013470	GQ140627
NC_013471	GQ140628
NC_076882	MT232758
NC_076823	MN560974
NC_076850	MN617764
NC_076821	MN551105
NC_076598	KY906214
NC_076820	MN551102
NC_076690	MK558258
NC_076640	MH766492
NC_076639	MH766491
NC_076851	MN617766
NC_076688	MK558256
NC_076609	LC530175
NC_076848	MN617762
NC_076849	MN617763
NC_076612	LC586030
NC_076689	MK558257
NC_076658	MK189193
NC_076634	MH316122
NC_076846	MN617169
NC_076613	LC596823
NC_077057	MT062425
NC_076729	MN295969
NC_076726	MN176979
NC_076725	MN172262
NC_076622	MF536690
NC_076647	MH766503
NC_076643	MH766499
NC_076644	MH766500
NC_076641	MH766497
NC_076642	MH766498
NC_076646	MH766502
NC_076847	MN617171
NC_076691	MK558259
NC_076630	MH037014
NC_076636	MH347276
NC_076645	MH766501
NC_011556	EU489061
NC_011557	EU489062
NC_038824	FJ550604
NC_038823	FJ550605
NC_006441	AJ781168
NC_006440	AJ781167
NC_038916	AM999771
NC_038915	AM999772
NC_038829	KF963175
NC_038830	KF963176
NC_038826	AB465308
NC_038825	AB465309
NC_043392	AB025903
NC_038834	KF963186
NC_038833	KF963187
NC_020234	AB569997
NC_020235	AB569998
NC_038831	KF963177
NC_038832	KF963178
NC_006275	AY705784
NC_006276	AY705785
NC_038836	FJ816271
NC_038835	FJ816272
NC_038827	HQ541323
NC_038828	HQ541324
NC_007241	AY751737
NC_007242	AY751738
NC_021147	JX971984
NC_021148	JX971985
NC_077696	JN196536
NC_077695	JN196537
NC_031134	KX709964
NC_031130	KX709965
NC_010755	AY603052
NC_010754	AY603051
NC_010705	AY247204
NC_010706	AY247205
NC_038839	HM565953
NC_038840	HM565954
NC_003884	AF047013
NC_003883	AF015924
NC_030882	LC150606
NC_030877	LC150607
NC_021098	JX971980
NC_021099	JX971981
NC_038841	JX625227
NC_038842	JX625228
NC_043393	AF473549
NC_006961	AY533038
NC_006960	AY533036
NC_021096	JX971978
NC_021097	JX971979
NC_013109	EU195326
NC_013110	EU195327
NC_038837	JX971982
NC_038838	JX971983
NC_003801	AF133290
NC_003802	AF133291
NC_007537	AB113347
NC_007538	AB113348
NC_035485	JN606091
NC_035486	JN606090
NC_021094	JX971976
NC_021095	JX971977
NC_038843	KY884720
NC_038844	KY884721
NC_038845	HM560702
NC_038846	HM560703
NC_038847	HM560704
NC_034159	JN117278
NC_034167	JN117279
NC_015494	FR687854
NC_015495	FR687855
NC_037095	JN117276
NC_037096	JN117277
NC_043396	EU118277
NC_043397	EU118278
NC_043395	EU118279
NC_003710	AY033436
NC_003711	AY033437
NC_007221	AY738336
NC_007222	AY738337
NC_005976	AY156521
NC_005977	AY156522
NC_004018	AY089993
NC_004019	AY089994
NC_004020	AY089995
NC_038918	AM087202
NC_038917	AM087203
NC_002797	AF316992
NC_002800	AF316993
NC_032498	KX884063
NC_032502	KX884062
NC_078097	KR902508
NC_078098	KR902507
NC_007026	AB186897
NC_007027	AB186898
NC_075972	KY369969
NC_055953	MT663548
NC_076685	MK472070
NC_054004	MN611525
NC_076684	MK472068
NC_054015	MK720944
NC_076629	MG923574
NC_054003	MK472067
NC_076697	MK611985
NC_076855	MN714662
NC_076856	MN714663
NC_076724	MN161572
NC_076912	MT997160
NC_076657	MK182569
NC_076723	MN161566
NC_076722	MN161561
NC_076911	MT997159
NC_076940	MW561977
NC_075411	HQ010042
NC_075724	HM002617
NC_075569	M86379
NC_075977	KY432930
NC_076099	KY432928
NC_075428	KY512802
NC_076199	MF352410
NC_076017	KY855435
NC_075974	KY432924
NC_075980	MG875515
NC_075992	KT880670
NC_076037	LC006971
NC_076038	LC036579
NC_077220	LR216006
NC_076039	KJ641685
NC_076040	KJ641697
NC_076019	MF352412
NC_075975	KY432927
NC_075978	KY432933
NC_076221	MG600103
NC_075280	KY312540
NC_076012	MG600068
NC_076013	MG600069
NC_076011	MG600095
NC_076015	MG600075
NC_076009	MG600070
NC_076217	MG600074
NC_075987	KY312541
NC_075995	KX156153
NC_076245	MH368041
NC_076008	MG600089
NC_076007	MG600081
NC_076508	MG600106
NC_076005	MG600108
NC_076219	MG600093
NC_075425	KX783424
NC_023861	KF741227
NC_076014	MG600076
NC_076006	MG600091
NC_076218	MG600083
NC_075281	KY312544
NC_075282	KY312545
NC_075445	MK443503
NC_076220	MG600094
NC_076010	MG600084
NC_075994	MK189163
NC_078845	MN148891
NC_078844	MN148892
NC_078590	MH899120
NC_078591	MH899121
NC_078594	MK990555
NC_078595	MK990556
NC_003799	AB054688
NC_003800	AB054689
NC_022004	GU810903
NC_022006	GU810904
NC_078628	MN837498
NC_078627	MN837499
NC_010709	AB295643
NC_010710	AB295644
NC_028139	KP404602
NC_028146	KP404603
NC_043386	KJ746622
NC_043385	FJ028650
NC_005289	AB084450
NC_005290	AB084451
NC_003003	AF225953
NC_003004	AF225954
NC_038760	EU881936
NC_038759	EU881937
NC_077675	AB084452
NC_077674	AB084453
NC_023016	KC595304
NC_023017	KC595305
NC_039077	KX269865
NC_039078	KX269871
NC_039073	KX241482
NC_039072	KX241485
NC_038762	JX304792
NC_038761	JQ670669
NC_078639	MT507290
NC_018383	HE774604
NC_018384	AY291207
NC_079039	MH898479
NC_006057	AY303786
NC_006056	AY017339
NC_043411	AJ278875
NC_078841	KY569301
NC_078840	KY569302
NC_015414	FR851461
NC_015415	FR851462
NC_043447	KX656670
NC_043448	KX656671
NC_015492	FN691934
NC_015493	FN691935
NC_078593	MK492273
NC_078592	MK492274
NC_038765	AB518485
NC_038766	AB518486
NC_003791	AB073147
NC_003792	AB073148
NC_038862	AM087671
NC_017939	HE613269
NC_017938	AY291208
NC_032270	KX424571
NC_032271	KX424572
NC_043684	LT608395
NC_043685	LT608396
NC_078842	MG581962
NC_078843	MG581963
NC_038767	KC904083
NC_038768	KC904084
NC_078824	MT591564
NC_078823	MT591565
NC_005096	AY363727
NC_004439	AY157993
NC_004440	AY157994
NC_038863	AJ277435
NC_034214	KY646466
NC_034215	KJ572573
NC_033492	KX812815
NC_033493	KX812816
NC_078656	MW289235
NC_040399	MG253828
NC_040400	MG253829
NC_003509	AF368272
NC_003502	AF020051
NC_005266	AY303787
NC_005267	AY303788
NC_078583	MH323435
NC_078582	MH323434
NC_078825	MT922050
NC_078826	MT922051
NC_079060	MZ325761
NC_043077	EU741694
NC_076955	MT303062
NC_040417	MH716806
NC_040416	MH716805
NC_038764	AB649296
NC_038763	AB649297
NC_078828	MW582785
NC_078827	MW582786
NC_020898	JQ437415
NC_020897	JQ581051
NC_006271	AJ621357
NC_006272	AJ621358
NC_003787	AB030940
NC_003788	AB030941
NC_043388	DQ143874
NC_043387	DQ143875
NC_029038	KT692952
NC_029036	KT692953
NC_078626	MN809923
NC_079071	OM777135
NC_031766	KU215538
NC_031763	KU215539
NC_016443	JN052073
NC_016444	JN052074
NC_003785	AB009958
NC_003786	AB009959
NC_003445	AJ311875
NC_003446	AJ311876
NC_078766	KX925437
NC_078767	KX925438
NC_008182	DQ344639
NC_008183	DQ344640
NC_006964	AY860978
NC_006965	AY860979
NC_078685	KR011032
NC_078686	KR011033
NC_035218	KM229700
NC_035220	KM229701
NC_025479	KF533719
NC_025480	KF533720
NC_079055	MZ325520
NC_035221	KU052530
NC_035215	KU052531
NC_035214	KC855266
NC_035219	KC855267
NC_009013	DQ388879
NC_009032	DQ388880
NC_079070	OK040225
NC_079069	OK040226
NC_010987	EF681764
NC_010988	EF681765
NC_076607	LC488189
NC_076854	MN701059
NC_004016	AJ306718
NC_004017	AJ306719
NC_002990	AJ132268
NC_002991	AJ132269
NC_028144	LC055681
NC_028145	LC060925
NC_040508	MH645040
NC_040507	MH645042
NC_077059	MT110148
NC_078575	LC519840
NC_078576	LC519841
NC_078573	LC519842
NC_078574	LC519843
NC_078577	LC519844
NC_078572	LC519845
NC_078578	LC519846
NC_078570	LC519847
NC_078571	LC519848
NC_078569	LC519849
NC_078568	LC519850
NC_004168	AB006783
NC_004176	AY129662
NC_055120	AF342731
NC_005982	AJ459382
NC_005983	AJ459383
NC_055452	MK103419
NC_055451	MK103420
NC_078109	GQ342962
NC_078110	GQ342963
NC_078086	JX403941
NC_078087	JX403942
NC_004169	AF196645
NC_078107	FM995220
NC_038869	AJ920335
NC_038870	AJ920336
NC_076026	MK620908
NC_076247	MH396440
NC_077165	OL630968
NC_078039	MG887754
NC_078127	HG975302
NC_078124	HG975303
NC_078126	HG975304
NC_078125	HG975305
NC_040421	MH192993
NC_040419	MH192994
NC_040420	MH192995
NC_040418	MH192996
NC_034260	LN896307
NC_034257	LN896308
NC_034258	LN896309
NC_034259	LN896310
NC_033476	KP245734
NC_033477	KP245735
NC_033494	KP245736
NC_033495	KP245737
NC_033496	KP245738
NC_024704	KJ787686
NC_024705	KJ787687
NC_024706	KJ787688
NC_024707	KJ787689
NC_024708	KJ787690
NC_078028	KX778766
NC_078029	KX778767
NC_078031	KX778768
NC_078026	KX778769
NC_078024	KX778770
NC_078027	KX778771
NC_078030	KX778772
NC_078025	KX778773
NC_055274	MK609920
NC_055279	MK609921
NC_055278	MK609922
NC_055277	MK609923
NC_055275	MK609924
NC_055276	MK609925
NC_055280	MK609926
NC_055281	MK609927
NC_055282	MH231406
NC_055283	MH231407
NC_055285	MH231408
NC_055284	MH231409
NC_055289	MG887750
NC_055288	MG887751
NC_055287	MG887752
NC_055286	MG887753
NC_040422	MF317878
NC_040425	MF317879
NC_040423	MF317880
NC_040424	MF317881
NC_076395	MK598003
NC_079139	AP024483
NC_075367	MH046811
NC_016072	JN258408
NC_075034	KU877344
NC_075035	KM982402
NC_075368	MG807320
NC_075037	KC008572
NC_075039	KY523104
NC_075538	MH665358
NC_077092	MW018138
NC_076102	KR095315
NC_076111	BK010890
NC_077159	OK558607
NC_074560	MZ089978
NC_074561	MZ089979
NC_075488	HE608152
NC_076721	MN153802
NC_075452	MH580295
NC_076486	MT050041
NC_075448	MK101347
NC_075454	MG551742
NC_075450	LC385827
NC_075973	MN986925
NC_075965	MK774519
NC_076340	MK227353
NC_076126	JN632576
NC_076246	MH370144
NC_077155	OK091173
NC_076652	MH923363
NC_076905	MT844067
NC_076946	MZ311578
NC_076945	MZ311577
NC_075137	HG530543
NC_075993	KU923759
NC_076428	MN203219
NC_075979	MH550542
NC_076154	KX513861
NC_075984	KY420167
NC_076467	MN614472
NC_076478	MN901968
NC_076121	HQ335082
NC_075380	MH648907
NC_075374	MH648989
NC_075379	MH648910
NC_075370	MH649141
NC_075375	MH648986
NC_075378	MH648912
NC_075373	MH649017
NC_075372	MH649029
NC_075371	MH649114
NC_075377	MH648966
NC_075369	MH649209
NC_075376	MH648982
NC_076188	MF327539
NC_076191	MF327544
NC_076264	MH638372
NC_075447	MK212032
NC_075415	KM262782
NC_076198	MF327557
NC_076189	MF327540
NC_076190	MF327542
NC_076194	MF327550
NC_076193	MF327548
NC_076192	MF327547
NC_075382	MK012516
NC_076153	KX262893
NC_075389	MK012446
NC_075390	MK012439
NC_076195	MF327551
NC_076196	MF327552
NC_076197	MF327554
NC_075388	MK012447
NC_075381	MK012527
NC_075383	MK012497
NC_075386	MK012464
NC_075385	MK012467
NC_075384	MK012471
NC_076122	HQ335084
NC_006633	AJ632304
NC_006634	AJ632305
NC_006635	AJ632306
NC_006636	AJ632307
NC_006637	AJ632308
NC_006638	AJ632309
NC_006639	AJ632310
NC_006640	AJ632311
NC_006641	AJ632312
NC_006642	AJ632313
NC_006643	AJ632314
NC_006644	AJ632315
NC_006645	AJ632316
NC_006646	AJ632317
NC_006647	AJ632318
NC_006648	AJ632319
NC_006649	AJ632320
NC_007028	AY842013
NC_007029	AY848690
NC_007031	AY875681
NC_007033	AY875683
NC_007030	AY875680
NC_007032	AY875682
NC_007034	AY875684
NC_007035	AY875685
NC_007041	AY887894
NC_007036	AY875686
NC_007037	AY875687
NC_007040	AY875690
NC_007038	AY875688
NC_007039	AY875689
NC_007044	DQ000240
NC_043315	EU001262
NC_043354	EU001244
NC_008995	AB291205
NC_008947	AY556383
NC_008957	AB291165
NC_008958	AB291166
NC_008956	AY935249
NC_008959	AB291167
NC_008960	AB291168
NC_008961	AB291169
NC_008962	AB291170
NC_008999	AB291171
NC_008949	AY563518
NC_008955	AY597814
NC_008963	AB291172
NC_008964	AB291173
NC_008951	AY570798
NC_008837	AB289903
NC_008838	AB289904
NC_008839	AB289905
NC_008840	AB289906
NC_008841	AB289907
NC_008842	AB289908
NC_008843	AB289909
NC_008844	AB289910
NC_008845	AB289911
NC_008846	AB289912
NC_008847	AB289913
NC_008933	AB289914
NC_008848	AB289915
NC_008849	AB289916
NC_008850	AB289917
NC_008005	AF411011
NC_007987	AF362508
NC_007986	AF362507
NC_008008	AF361869
NC_007988	AF362509
NC_008004	AF361488
NC_007989	AF362510
NC_007990	AF362511
NC_007991	AF362512
NC_007992	AF362513
NC_007995	AF362516
NC_007993	AF362514
NC_007994	AF362515
NC_007996	AF362517
NC_008006	AY029394
NC_076868	MT013216
NC_076590	KX013549
NC_076857	MN734702
NC_076621	MF521431
NC_076119	GU111963
NC_075096	FM164737
NC_076148	KT253638
NC_076449	MN529627
NC_076115	EF620566
NC_076136	KF964654
NC_076167	LC316186
NC_076295	MK032307
NC_076960	LT827054
NC_076117	FN678779
NC_076114	EF614160
NC_076151	KT390358
NC_076142	KP188832
NC_076130	JX025223
NC_076959	LT795119
NC_074990	GQ478344
NC_075099	AJ316036
NC_075098	AJ542489
NC_076262	MH577020
NC_075102	AJ420313
NC_076149	KT382328
NC_076150	KT382329
NC_076212	MG478451
NC_076962	LN811050
NC_076120	HM143907
NC_076152	KU500806
NC_075101	AJ542493
